,TEAM,AGE,GP,W,L,MIN,PTS,FGM,FGA,FG%,3PM,3PA,3P%,FTM,FTA,FT%,OREB,DREB,REB,AST,TOV,STL,BLK,PF,FP,DD2,TD3,+/-
James Harden,HOU,30,8,5,3,35.3,36.5,9.3,23.9,38.7,3.8,13.9,27.0,14.3,15.8,90.5,1.3,3.8,5.0,8.1,5.8,1.3,0.8,3.3,54.9,3,0,0.9
Kyrie Irving,BKN,27,7,3,4,33.8,31.7,10.7,22.7,47.2,3.3,8.6,38.3,7.0,7.6,92.5,0.9,5.3,6.1,7.7,2.9,1.3,0.6,2.7,53.4,2,1,4.4
Damian Lillard,POR,29,7,3,4,37.7,31.1,10.6,21.4,49.3,3.9,9.6,40.3,6.1,6.9,89.6,0.4,4.6,5.0,7.3,2.6,1.3,0.6,2.3,51.1,1,0,4.6
Kawhi Leonard,LAC,28,6,5,1,30.5,29.3,10.7,22.5,47.4,1.8,5.2,35.5,6.2,7.2,86.0,1.5,5.8,7.3,5.7,3.0,2.3,1.0,2.7,53.6,2,0,11.7
Giannis Antetokounmpo,MIL,24,8,6,2,32.2,29.0,10.5,17.8,59.2,1.0,3.8,26.7,7.0,11.0,63.6,2.1,12.1,14.3,7.6,4.0,1.3,1.6,4.1,62.2,8,1,10.4
Bradley Beal,WAS,26,7,2,5,35.3,27.0,9.1,22.4,40.8,2.7,9.4,28.8,6.0,7.4,80.8,1.3,3.4,4.7,6.1,3.9,1.3,0.3,2.7,42.7,1,0,-6.6
Karl-Anthony Towns,MIN,23,5,3,2,31.5,26.8,9.0,17.4,51.7,4.2,9.0,46.7,4.6,6.6,69.7,2.2,9.6,11.8,3.6,2.6,2.0,1.8,3.0,55.2,4,0,1.0
Luka Doncic,DAL,20,7,5,2,35.8,26.7,8.9,19.0,46.6,2.9,8.7,32.8,6.1,7.6,81.1,1.7,8.1,9.9,9.1,4.9,1.3,0.1,2.6,51.7,4,3,2.4
Anthony Davis,LAL,26,7,6,1,34.7,26.6,9.0,19.6,46.0,0.7,2.9,25.0,7.9,8.9,88.7,2.9,8.0,10.9,2.7,3.0,1.0,3.0,2.7,52.7,3,0,6.7
Devin Booker,PHX,23,7,5,2,34.4,26.1,9.7,18.1,53.5,2.7,5.4,50.0,4.0,4.4,90.3,0.3,3.3,3.6,5.0,3.4,0.4,0.4,4.3,37.1,1,0,7.7
LeBron James,LAL,34,7,6,1,35.0,26.1,9.3,19.3,48.1,1.6,5.4,28.9,6.0,7.7,77.8,0.7,7.6,8.3,11.1,3.9,1.6,0.7,1.9,55.8,6,3,10.7
Kemba Walker,BOS,29,6,5,1,34.7,26.0,7.7,19.0,40.4,3.8,9.0,42.6,6.8,7.5,91.1,1.7,4.0,5.7,3.7,2.5,1.0,0.7,2.2,40.8,0,0,2.7
Brandon Ingram,NOP,22,7,1,6,31.7,25.9,9.9,17.9,55.2,2.4,5.0,48.6,3.7,5.0,74.3,1.0,6.1,7.1,4.3,2.6,0.7,1.0,2.6,43.4,2,0,-6.4
Pascal Siakam,TOR,25,7,5,2,33.9,25.6,9.4,18.9,50.0,2.0,5.1,38.9,4.7,5.0,94.3,1.7,7.4,9.1,3.6,3.1,0.9,0.1,4.0,41.8,2,0,9.7
Donovan Mitchell,UTA,23,8,5,3,34.1,25.5,9.5,18.8,50.7,1.6,3.9,41.9,4.9,6.5,75.0,1.3,3.5,4.8,3.9,1.8,1.9,0.1,2.9,41.3,1,0,6.6
Joel Embiid,PHI,25,4,3,1,28.0,24.3,7.3,15.8,46.0,1.3,4.0,31.3,8.5,10.0,85.0,3.0,8.8,11.8,3.3,2.8,1.0,1.8,4.3,48.7,3,0,9.8
Trae Young,ATL,21,6,3,3,29.6,24.2,8.2,17.7,46.2,3.2,7.7,41.3,4.7,5.8,80.0,0.3,3.8,4.2,7.5,4.5,1.0,0.0,1.2,38.9,1,0,2.3
Kyle Lowry,TOR,33,7,5,2,39.0,24.0,7.4,15.4,48.1,3.9,9.0,42.9,5.3,6.0,88.1,0.3,4.3,4.6,6.7,3.7,1.1,0.4,3.3,40.6,0,0,2.3
Andrew Wiggins,MIN,24,7,4,3,32.7,22.4,8.4,18.9,44.7,2.3,6.7,34.0,3.3,4.4,74.2,1.6,3.1,4.7,2.3,1.7,0.6,0.9,2.4,34.1,0,0,-4.0
Malcolm Brogdon,IND,26,8,4,4,34.5,22.3,7.6,16.4,46.6,1.6,5.1,31.7,5.4,5.5,97.7,0.8,4.3,5.0,9.9,3.0,1.1,0.4,2.5,44.6,5,0,4.4
Shai Gilgeous-Alexander,OKC,21,7,3,4,35.1,22.1,8.0,16.6,48.3,2.0,4.9,41.2,4.1,5.9,70.7,1.0,5.6,6.6,3.1,1.7,0.7,1.0,1.4,38.2,0,0,4.6
Lou Williams,LAC,33,8,5,3,31.8,22.0,7.0,17.5,40.0,1.8,5.0,35.0,6.3,7.6,82.0,0.6,3.1,3.8,5.5,3.0,0.4,0.0,1.6,32.9,1,0,2.8
Andre Drummond,DET,26,9,4,5,35.9,21.9,9.1,15.7,58.2,0.0,0.7,0.0,3.7,5.4,67.3,4.9,13.7,18.6,3.1,4.0,1.7,2.2,3.9,56.5,9,0,-1.3
Jayson Tatum,BOS,21,6,5,1,35.4,21.3,8.2,19.3,42.2,3.0,7.0,42.9,2.0,2.7,75.0,1.3,6.2,7.5,2.0,2.2,1.5,0.8,2.5,38.2,1,0,10.3
Montrezl Harrell,LAC,25,8,5,3,29.4,21.1,8.3,12.1,68.0,0.0,0.0,0.0,4.6,7.0,66.1,2.8,4.0,6.8,2.4,2.3,0.6,0.8,2.6,34.7,1,0,4.3
Derrick Rose,DET,31,6,2,4,25.0,20.8,8.3,14.8,56.2,0.2,0.7,25.0,4.0,4.5,88.9,0.3,1.2,1.5,6.3,3.8,1.0,0.5,1.3,32.8,1,0,0.0
CJ McCollum,POR,28,7,3,4,36.6,20.7,7.9,19.6,40.1,2.0,5.4,36.8,3.0,3.3,91.3,0.3,2.9,3.1,3.6,2.7,0.7,0.1,3.4,29.7,0,0,0.9
Russell Westbrook,HOU,30,7,4,3,32.8,20.7,7.9,17.1,45.8,1.1,4.4,25.8,3.9,6.1,62.8,1.9,7.7,9.6,8.7,4.0,1.9,0.6,3.1,48.6,4,2,-1.0
DeMar DeRozan,SAS,30,7,4,3,33.7,20.6,8.0,15.6,51.4,0.0,0.3,0.0,4.6,6.1,74.4,0.6,4.3,4.9,4.1,3.7,1.1,0.7,2.1,34.5,1,0,-1.1
Zach LaVine,CHI,24,9,3,6,32.2,20.4,7.4,16.9,44.1,2.4,6.3,38.6,3.1,4.1,75.7,1.3,3.4,4.8,4.0,3.3,1.2,0.6,2.6,34.2,0,0,-2.8
Ja Morant,MEM,20,7,2,5,27.7,20.4,8.0,15.3,52.3,0.9,1.7,50.0,3.6,4.7,75.8,1.3,2.4,3.7,5.3,4.3,1.3,0.3,2.4,33.2,0,0,-0.6
Domantas Sabonis,IND,23,6,3,3,34.8,20.3,8.2,15.0,54.4,0.5,1.2,42.9,3.5,4.0,87.5,3.2,9.2,12.3,3.3,2.8,0.8,0.7,4.2,41.8,4,0,7.2
Gordon Hayward,BOS,29,6,5,1,34.2,20.3,8.0,14.2,56.5,1.8,3.7,50.0,2.5,3.0,83.3,0.8,6.7,7.5,4.3,2.3,0.7,0.2,2.2,36.0,1,0,5.2
Stephen Curry,GSW,31,4,1,3,28.0,20.3,6.8,16.5,40.9,2.3,9.3,24.3,4.5,4.5,100,1.0,4.0,5.0,6.5,3.8,1.3,0.5,2.5,37.5,1,0,-8.0
Bojan Bogdanovic,UTA,30,7,5,2,31.8,20.1,7.3,14.7,49.5,2.9,6.4,44.4,2.7,3.0,90.5,0.1,4.3,4.4,2.3,2.9,1.0,0.6,2.7,30.7,0,0,7.1
Tobias Harris,PHI,27,7,5,2,36.2,19.7,7.4,14.7,50.5,1.4,4.6,31.3,3.4,4.4,77.4,0.6,8.0,8.6,2.9,2.3,1.3,0.3,3.7,36.7,2,0,0.0
Caris LeVert,BKN,25,7,3,4,32.6,19.4,7.6,16.7,45.3,1.7,4.6,37.5,2.6,4.0,64.3,1.4,3.4,4.9,3.7,3.7,0.9,0.0,2.3,29.7,0,0,3.1
D'Angelo Russell,GSW,23,5,1,4,30.4,19.0,6.4,16.6,38.6,2.2,7.0,31.4,4.0,5.6,71.4,0.4,3.2,3.6,6.4,2.0,0.0,0.2,1.4,31.5,0,0,-16.0
Kristaps Porzingis,DAL,24,7,5,2,32.6,19.0,6.7,16.3,41.2,2.3,6.3,36.4,3.3,4.9,67.6,1.1,7.0,8.1,2.0,2.3,0.3,2.3,3.1,37.2,1,0,-3.6
Jamal Murray,DEN,22,7,5,2,32.9,18.9,6.7,14.9,45.2,1.6,4.4,35.5,3.9,4.6,84.4,0.9,4.0,4.9,3.6,2.4,1.0,0.1,2.1,31.0,0,0,6.6
Kevin Love,CLE,31,7,2,5,33.7,18.9,6.1,12.4,49.4,2.6,6.6,39.1,4.0,4.6,87.5,0.9,13.6,14.4,4.1,3.3,1.0,0.4,1.7,43.4,5,0,-1.3
Khris Middleton,MIL,28,8,6,2,30.9,18.6,6.6,13.8,48.2,2.4,6.4,37.3,3.0,3.5,85.7,0.6,4.6,5.3,3.0,2.3,0.9,0.1,2.9,30.2,0,0,2.8
De'Aaron Fox,SAC,21,8,2,6,32.3,18.4,6.1,14.8,41.5,1.3,3.8,33.3,4.9,7.0,69.6,0.5,3.5,4.0,6.6,4.0,0.8,0.5,3.0,32.9,1,0,-5.0
Kendrick Nunn,MIA,24,7,5,2,30.0,18.3,7.1,15.6,45.9,2.6,6.3,40.9,1.4,1.7,83.3,0.0,2.1,2.1,3.1,2.0,1.7,0.1,3.1,29.1,0,0,6.4
Deandre Ayton,PHX,21,1,1,0,33.4,18.0,9.0,14.0,64.3,0.0,0.0,0.0,0.0,0.0,0.0,3.0,8.0,11.0,0.0,0.0,1.0,4.0,2.0,46.2,1,0,25.0
T.J. Warren,IND,26,8,4,4,35.0,18.0,7.9,15.3,51.6,0.8,3.0,25.0,1.5,2.1,70.6,0.6,2.8,3.4,1.3,1.3,1.5,0.3,2.9,27.9,0,0,5.3
Marcus Morris Sr.,NYK,30,8,1,7,33.9,17.9,5.6,13.1,42.9,2.5,5.3,47.6,4.1,4.9,84.6,0.8,4.5,5.3,1.0,1.9,1.4,0.9,3.5,30.6,0,0,-8.5
RJ Barrett,NYK,19,8,1,7,36.7,17.9,6.6,15.6,42.4,1.4,3.8,36.7,3.3,6.6,49.1,1.5,4.6,6.1,3.9,2.9,1.5,0.4,2.6,33.8,1,0,-9.1
Danilo Gallinari,OKC,31,7,3,4,28.7,17.7,5.7,13.1,43.5,2.9,7.0,40.8,3.4,3.6,96.0,0.3,4.4,4.7,1.4,1.3,0.6,0.1,1.9,26.4,0,0,6.7
Buddy Hield,SAC,26,8,2,6,30.8,17.6,6.5,15.9,40.9,3.6,8.9,40.8,1.0,1.3,80.0,0.8,3.5,4.3,1.6,2.9,0.8,0.5,2.8,26.0,0,0,-6.1
Collin Sexton,CLE,20,7,2,5,31.0,17.4,6.4,15.0,42.9,1.7,4.6,37.5,2.9,3.6,80.0,0.6,2.6,3.1,2.1,1.9,0.4,0.1,2.6,24.3,0,0,-3.0
Kelly Oubre Jr.,PHX,23,7,5,2,30.8,17.4,6.3,13.0,48.4,1.4,4.0,35.7,3.4,4.1,82.8,1.6,4.4,6.0,1.6,1.6,1.1,0.9,3.6,31.4,0,0,6.9
Jaylen Brown,BOS,23,3,2,1,28.7,17.3,6.7,13.3,50.0,1.3,4.7,28.6,2.7,4.0,66.7,0.3,6.3,6.7,2.0,1.3,0.7,1.0,3.7,32.0,0,0,3.3
Devonte' Graham,CHA,24,7,4,3,31.1,17.3,5.1,12.0,42.9,3.0,6.4,46.7,4.0,4.9,82.4,0.6,3.3,3.9,6.7,2.6,0.6,0.1,1.7,31.6,1,0,0.4
Al Horford,PHI,33,7,5,2,32.1,17.1,6.9,15.0,45.7,1.7,4.9,35.3,1.7,2.4,70.6,2.4,4.7,7.1,3.9,1.0,1.1,1.1,3.4,37.4,1,0,5.9
Eric Paschall,GSW,23,8,2,6,30.1,17.0,6.3,11.0,56.8,0.8,2.3,33.3,3.8,4.3,88.2,1.1,3.5,4.6,1.6,1.1,0.5,0.5,1.6,26.9,1,0,-4.8
Jeremy Lamb,IND,27,5,3,2,32.9,17.0,6.2,13.6,45.6,1.2,4.2,28.6,3.4,4.0,85.0,1.0,5.4,6.4,2.2,1.2,1.4,0.8,2.8,33.4,1,0,2.6
John Collins,ATL,22,5,2,3,32.2,17.0,6.4,12.2,52.5,1.8,3.8,47.4,2.4,3.4,70.6,2.0,6.8,8.8,1.6,1.4,1.0,2.0,3.4,37.6,1,0,-0.8
Terry Rozier,CHA,25,7,4,3,32.7,16.9,5.9,14.0,41.8,2.1,6.0,35.7,3.0,3.9,77.8,0.7,3.4,4.1,5.6,3.3,1.0,0.4,2.7,31.2,1,0,-5.3
Tristan Thompson,CLE,28,7,2,5,33.7,16.9,7.4,13.9,53.6,0.1,0.4,33.3,1.9,3.4,54.2,4.6,7.0,11.6,2.7,0.4,0.6,1.6,2.7,40.8,6,0,1.0
Luke Kennard,DET,23,9,4,5,31.7,16.8,5.2,11.9,43.9,2.7,6.3,42.1,3.7,4.2,86.8,0.2,3.2,3.4,4.2,1.8,0.2,0.0,1.8,26.1,0,0,-2.8
Nikola Vucevic,ORL,29,8,2,6,31.3,16.3,6.4,15.4,41.5,0.8,3.6,20.7,2.8,3.1,88.0,2.4,7.9,10.3,2.9,1.4,0.8,0.9,1.9,36.4,5,0,-0.6
LaMarcus Aldridge,SAS,34,7,4,3,32.6,16.1,6.0,13.6,44.2,0.4,1.6,27.3,3.7,4.3,86.7,2.4,4.3,6.7,2.3,2.3,0.4,2.3,2.3,33.5,0,0,-3.0
Chris Paul,OKC,34,7,3,4,29.4,15.6,4.9,11.0,44.2,2.1,4.7,45.5,3.7,4.6,81.3,0.3,3.1,3.4,4.7,2.7,1.7,0.0,2.3,29.2,0,0,4.9
Fred VanVleet,TOR,25,7,5,2,37.4,15.6,4.6,12.1,37.6,2.3,5.4,42.1,4.1,4.3,96.7,0.1,3.9,4.0,6.9,2.1,1.1,0.1,2.1,32.4,1,0,8.6
Harrison Barnes,SAC,27,8,2,6,33.5,15.5,5.9,12.0,49.0,1.5,4.1,36.4,2.3,2.9,78.3,1.4,4.0,5.4,1.5,0.9,1.3,0.3,1.4,27.8,0,0,-4.9
Dillon Brooks,MEM,23,7,2,5,27.7,15.1,5.4,12.4,43.7,2.0,4.9,41.2,2.3,2.4,94.1,0.9,3.1,4.0,1.7,1.3,1.1,0.3,4.9,25.5,0,0,4.1
Goran Dragic,MIA,33,7,5,2,27.0,15.1,4.6,9.9,46.4,2.3,5.6,41.0,3.7,5.3,70.3,0.0,3.0,3.0,4.6,2.7,0.6,0.4,2.0,25.9,0,0,0.1
Jabari Parker,ATL,24,7,3,4,24.5,15.1,6.0,10.7,56.0,1.1,3.6,32.0,2.0,2.7,73.7,1.1,3.4,4.6,1.1,2.3,0.7,0.3,2.7,23.1,0,0,-0.1
P.J. Washington,CHA,21,7,4,3,32.3,15.1,5.7,10.0,57.1,2.0,4.3,46.7,1.7,2.4,70.6,0.9,5.3,6.1,1.4,2.0,1.1,0.4,2.6,27.4,1,0,-2.0
Lauri Markkanen,CHI,22,9,3,6,30.3,15.1,4.9,12.4,39.3,1.9,6.2,30.4,3.4,4.4,77.5,1.1,6.4,7.6,2.2,1.9,0.9,0.6,1.4,30.0,1,0,-2.4
Aron Baynes,PHX,32,7,5,2,24.4,15.0,5.3,9.0,58.7,2.1,4.4,48.4,2.3,3.0,76.2,1.9,4.0,5.9,3.6,1.4,0.4,1.0,4.3,30.2,1,0,7.1
Jimmy Butler,MIA,30,4,3,1,30.6,15.0,4.3,12.0,35.4,0.8,3.3,23.1,5.8,8.0,71.9,2.8,4.3,7.0,6.5,3.0,3.8,1.0,1.0,44.4,0,0,10.5
Joe Harris,BKN,28,7,3,4,33.6,15.0,5.6,10.3,54.2,3.4,6.3,54.5,0.4,0.7,60.0,1.0,2.7,3.7,1.9,1.9,0.9,0.1,2.9,23.4,0,0,0.1
Jordan Clarkson,CLE,27,7,2,5,23.2,15.0,4.7,10.7,44.0,1.7,5.1,33.3,3.9,4.1,93.1,0.1,1.3,1.4,2.7,1.1,0.9,0.6,1.0,23.9,0,0,-4.3
Taurean Prince,BKN,25,7,3,4,33.9,15.0,5.1,12.0,42.9,3.1,7.7,40.7,1.6,2.3,68.8,1.0,6.0,7.0,1.7,2.1,1.4,0.6,2.9,29.8,3,0,6.0
Nikola Jokic,DEN,24,7,5,2,29.6,14.9,5.7,12.4,46.0,1.0,3.6,28.0,2.4,3.1,77.3,1.7,8.0,9.7,5.9,3.1,1.1,0.6,3.4,37.3,3,2,6.1
Serge Ibaka,TOR,30,7,5,2,24.4,14.9,5.9,11.1,52.6,0.7,2.3,31.3,2.4,3.0,81.0,0.9,5.7,6.6,0.9,2.3,0.7,1.4,2.6,28.2,0,0,-2.6
Myles Turner,IND,23,4,1,3,31.6,14.8,5.5,10.0,55.0,2.0,3.8,53.3,1.8,2.3,77.8,2.3,4.5,6.8,0.5,1.8,0.5,1.3,2.0,27.1,1,0,-4.0
Bryn Forbes,SAS,26,7,4,3,29.0,14.6,5.0,12.4,40.2,2.4,7.3,33.3,2.1,2.4,88.2,0.4,2.9,3.3,1.3,0.6,0.6,0.0,1.4,21.6,0,0,-5.4
Josh Richardson,PHI,26,7,5,2,34.5,14.6,5.1,12.4,41.4,1.1,4.7,24.2,3.1,3.6,88.0,0.9,3.0,3.9,3.9,3.0,1.6,0.9,3.3,29.3,0,0,10.0
Eric Bledsoe,MIL,29,8,6,2,25.6,14.5,5.6,12.4,45.5,1.4,4.8,28.9,1.9,2.8,68.2,1.0,4.8,5.8,4.5,2.0,0.8,0.1,3.0,28.8,0,0,3.8
Hassan Whiteside,POR,30,6,3,3,25.9,14.3,5.8,8.8,66.0,0.0,0.0,0.0,2.7,3.8,69.6,3.3,8.7,12.0,0.7,2.3,0.5,1.3,3.5,32.9,3,0,0.3
Evan Fournier,ORL,27,8,2,6,28.0,14.3,5.3,11.8,44.7,1.5,4.8,31.6,2.3,2.6,85.7,0.1,2.9,3.0,2.4,2.3,0.8,0.1,2.3,21.8,0,0,-2.1
Julius Randle,NYK,24,8,1,7,33.3,14.3,5.8,13.3,43.4,0.5,2.9,17.4,2.3,3.8,60.0,3.0,6.5,9.5,4.3,4.1,0.8,0.3,3.1,30.9,5,0,-8.6
Jrue Holiday,NOP,29,5,1,4,35.0,14.2,5.6,15.0,37.3,1.8,5.4,33.3,1.2,1.6,75.0,0.8,3.8,4.6,6.0,2.2,1.8,0.8,2.6,34.3,0,0,-10.4
Will Barton,DEN,28,5,4,1,30.1,14.2,4.4,10.8,40.7,1.6,3.2,50.0,3.8,4.8,79.2,2.0,5.0,7.0,2.0,1.6,1.2,1.0,1.2,30.6,2,0,11.2
Marvin Bagley III,SAC,20,1,0,1,27.7,14.0,6.0,16.0,37.5,0.0,0.0,0.0,2.0,4.0,50.0,4.0,6.0,10.0,0.0,1.0,1.0,1.0,1.0,31.0,1,0,-21.0
Spencer Dinwiddie,BKN,26,7,3,4,24.0,14.0,4.4,11.4,38.8,1.1,4.7,24.2,4.0,5.1,77.8,0.3,1.9,2.1,4.7,3.0,0.6,0.4,3.6,23.6,0,0,-1.7
Justise Winslow,MIA,23,5,3,2,36.2,13.8,5.6,14.4,38.9,0.6,2.4,25.0,2.0,3.4,58.8,1.8,6.2,8.0,4.8,3.2,1.0,0.6,3.4,32.2,1,0,8.6
Tyler Herro,MIA,19,7,5,2,30.1,13.7,4.7,11.1,42.3,1.7,4.9,35.3,2.6,3.1,81.8,0.3,5.3,5.6,2.6,2.3,0.9,0.0,1.6,24.5,0,0,0.7
Isaiah Thomas,WAS,30,5,1,4,21.5,13.6,5.0,12.2,41.0,2.2,5.8,37.9,1.4,1.4,100,0.2,2.0,2.2,6.4,2.6,0.4,0.4,1.6,25.6,1,0,-5.4
Dennis Schroder,OKC,26,7,3,4,29.0,13.6,5.3,13.1,40.2,1.0,3.9,25.9,2.0,2.7,73.7,0.9,4.4,5.3,3.9,2.6,1.1,0.3,3.3,27.4,0,0,6.9
Josh Hart,NOP,24,7,1,6,29.6,13.6,4.7,10.1,46.5,2.3,6.0,38.1,1.9,2.0,92.9,1.7,5.9,7.6,1.1,1.6,1.4,0.6,2.9,28.8,2,0,-3.6
Thomas Bryant,WAS,22,7,2,5,29.6,13.6,5.0,10.3,48.6,0.9,2.9,30.0,2.7,3.3,82.6,2.1,7.7,9.9,2.3,1.7,0.7,1.6,2.1,34.0,4,0,-9.7
CJ Miles,WAS,32,2,1,1,21.3,13.5,4.5,9.5,47.4,2.0,5.5,36.4,2.5,2.5,100,1.0,1.0,2.0,2.0,0.0,0.0,1.5,2.5,23.4,0,0,13.0
Clint Capela,HOU,25,8,5,3,27.8,13.5,6.1,10.0,61.3,0.0,0.0,0.0,1.3,2.8,45.5,2.5,7.1,9.6,1.3,1.5,1.1,2.0,2.9,34.8,4,0,-2.9
Miles Bridges,CHA,21,7,4,3,34.1,13.3,5.1,10.6,48.6,1.7,4.4,38.7,1.3,2.0,64.3,1.3,3.4,4.7,2.0,2.4,0.3,0.6,2.3,22.1,0,0,-3.6
Aaron Gordon,ORL,24,8,2,6,30.4,13.3,5.1,11.5,44.6,1.0,3.6,27.6,2.0,3.0,66.7,2.0,4.1,6.1,2.8,1.5,0.9,0.5,3.1,27.4,1,0,-4.6
Jeff Teague,MIN,31,6,4,2,26.4,13.2,4.3,8.7,50.0,0.8,2.5,33.3,3.7,4.2,88.0,0.0,2.2,2.2,6.3,2.3,1.3,0.2,2.7,27.4,1,0,0.8
Ben Simmons,PHI,23,7,5,2,31.8,13.1,5.6,11.3,49.4,0.0,0.0,0.0,2.0,3.6,56.0,0.9,4.6,5.4,6.9,3.7,3.0,0.4,3.0,36.5,2,0,2.6
Davis Bertans,WAS,26,7,2,5,27.7,13.1,4.3,8.9,48.4,3.4,6.9,50.0,1.1,1.3,88.9,0.3,2.6,2.9,1.3,0.7,0.6,0.3,3.0,20.4,0,0,-1.4
Danuel House Jr.,HOU,26,8,5,3,31.0,13.1,4.4,9.1,47.9,2.8,6.0,45.8,1.6,2.0,81.3,0.8,4.6,5.4,0.8,0.8,0.6,1.1,2.0,25.2,0,0,5.8
Rodney Hood,POR,27,7,3,4,32.5,12.9,4.6,9.4,48.5,2.0,4.0,50.0,1.7,2.1,80.0,0.9,3.3,4.1,0.6,1.1,1.0,0.6,2.4,22.3,0,0,0.9
Cody Zeller,CHA,27,6,4,2,27.0,12.8,5.0,10.0,50.0,0.7,2.3,28.6,2.2,3.0,72.2,4.0,6.5,10.5,1.5,1.5,0.5,0.5,2.3,29.2,4,0,-5.2
Wendell Carter Jr.,CHI,20,9,3,6,26.6,12.8,5.0,8.6,58.4,0.1,0.9,12.5,2.7,4.2,63.2,2.9,5.9,8.8,0.7,1.4,0.3,1.1,4.2,27.2,5,0,0.4
Mike Conley,UTA,32,8,5,3,29.6,12.8,4.1,12.5,33.0,1.5,5.3,28.6,3.0,3.8,80.0,0.5,2.1,2.6,3.6,3.3,1.1,0.3,2.5,22.2,0,0,3.5
Bam Adebayo,MIA,22,7,5,2,30.5,12.7,3.9,7.4,51.9,0.1,0.6,25.0,4.9,7.6,64.2,2.3,7.0,9.3,4.9,2.6,1.1,1.7,2.9,37.1,3,0,4.4
OG Anunoby,TOR,22,7,5,2,34.6,12.7,5.3,9.1,57.8,1.9,3.7,50.0,0.3,0.9,33.3,1.4,5.1,6.6,1.9,1.0,1.4,1.7,2.7,31.8,0,0,8.0
Robert Covington,MIN,28,7,4,3,24.7,12.7,4.6,9.7,47.1,2.1,5.9,36.6,1.4,1.6,90.9,1.1,4.0,5.1,1.0,1.4,1.0,0.9,2.9,24.5,1,0,-2.9
Ricky Rubio,PHX,29,6,4,2,32.5,12.7,3.8,10.3,37.1,1.0,2.5,40.0,4.0,4.7,85.7,0.7,5.8,6.5,8.5,2.5,1.8,0.0,3.5,36.2,3,0,7.5
Rui Hachimura,WAS,21,7,2,5,27.5,12.6,5.6,12.4,44.8,0.6,2.3,25.0,0.9,0.9,100,2.0,4.0,6.0,1.3,1.0,0.4,0.1,1.6,22.4,1,0,-7.7
Derrick White,SAS,25,7,4,3,22.9,12.4,4.3,8.3,51.7,1.0,2.3,43.8,2.9,3.4,83.3,0.9,1.9,2.7,1.9,0.7,0.6,0.6,2.9,21.2,0,0,2.7
Lonzo Ball,NOP,22,7,1,6,30.0,12.4,4.6,10.6,43.2,2.4,6.3,38.6,0.9,1.4,60.0,0.7,3.9,4.6,6.7,2.1,1.6,0.1,2.0,31.0,1,0,-2.6
Alec Burks,GSW,28,5,1,4,23.5,12.4,4.4,9.6,45.8,1.4,3.4,41.2,2.2,2.6,84.6,0.0,3.6,3.6,2.0,1.2,0.4,0.2,1.8,20.3,0,0,-3.4
Dejounte Murray,SAS,23,6,3,3,22.6,12.2,4.7,9.5,49.1,0.3,1.5,22.2,2.5,3.5,71.4,1.2,6.8,8.0,4.7,3.0,1.8,0.7,2.3,33.3,2,0,-3.7
Enes Kanter,BOS,27,1,0,1,25.0,12.0,5.0,8.0,62.5,0.0,1.0,0.0,2.0,7.0,28.6,3.0,3.0,6.0,2.0,0.0,0.0,0.0,3.0,22.2,0,0,-12.0
Markieff Morris,DET,30,9,4,5,27.0,11.9,4.4,9.6,46.5,1.4,3.9,37.1,1.6,2.2,70.0,0.4,3.4,3.9,1.8,2.6,0.8,0.1,2.7,19.3,0,0,-5.7
Damion Lee,GSW,27,8,2,6,21.2,11.9,3.5,8.1,43.1,1.4,3.1,44.0,3.5,4.1,84.8,0.9,3.4,4.3,1.9,1.4,0.5,0.0,1.8,19.9,1,0,-2.0
Patty Mills,SAS,31,7,4,3,21.1,11.9,3.9,8.0,48.2,2.4,5.0,48.6,1.7,2.0,85.7,0.3,1.3,1.6,1.7,1.4,1.1,0.0,2.4,18.3,0,0,7.6
Frank Jackson,NOP,21,7,1,6,19.4,11.7,4.3,9.3,46.2,1.4,3.9,37.0,1.7,2.0,85.7,0.1,0.9,1.0,1.6,1.7,0.9,0.1,2.0,16.6,0,0,2.1
Gary Harris,DEN,25,7,5,2,30.3,11.7,4.3,10.0,42.9,1.6,4.4,35.5,1.6,2.0,78.6,0.4,2.7,3.1,1.4,1.4,1.3,0.1,1.9,20.5,0,0,4.0
P.J. Tucker,HOU,34,8,5,3,34.4,11.5,4.3,7.8,54.8,2.5,5.1,48.8,0.5,0.5,100,2.0,5.1,7.1,2.1,1.5,1.3,0.4,3.5,26.6,1,0,-1.0
Jonas Valanciunas,MEM,27,7,2,5,21.7,11.4,4.6,9.6,47.8,0.6,1.6,36.4,1.7,1.9,92.3,2.0,7.6,9.6,2.3,2.0,0.3,0.6,2.6,26.9,5,0,-1.9
Paul Millsap,DEN,34,7,5,2,24.2,11.4,3.7,8.3,44.8,1.1,2.6,44.4,2.9,3.0,95.2,1.3,4.0,5.3,1.0,0.9,0.6,0.6,2.9,21.8,0,0,5.7
George Hill,MIL,33,8,6,2,22.8,11.4,4.3,7.3,58.6,1.9,3.1,60.0,1.0,1.5,66.7,1.1,1.8,2.9,2.9,0.4,0.9,0.1,1.8,21.8,0,0,5.1
Brandon Clarke,MEM,23,7,2,5,22.4,11.3,4.9,8.0,60.7,0.3,1.0,28.6,1.3,1.4,90.0,1.7,4.7,6.4,1.0,0.9,0.9,1.7,1.7,27.4,1,0,-3.6
Rudy Gobert,UTA,27,8,5,3,34.0,11.3,3.8,6.3,60.0,0.0,0.0,0.0,3.8,5.6,66.7,2.1,10.4,12.5,1.1,2.5,1.3,1.1,3.6,32.6,4,0,6.0
Coby White,CHI,19,9,3,6,23.6,11.2,4.2,11.8,35.8,1.2,5.1,23.9,1.6,2.2,70.0,0.2,3.1,3.3,2.6,1.2,0.6,0.0,0.9,19.5,0,0,0.4
Otto Porter Jr.,CHI,26,9,3,6,25.1,11.2,3.9,9.3,41.7,1.8,4.4,40.0,1.7,2.2,75.0,0.9,2.6,3.4,1.6,0.8,1.0,0.3,2.2,20.9,0,0,0.8
Dwayne Bacon,CHA,24,7,4,3,26.9,11.1,4.3,12.1,35.3,0.7,3.1,22.7,1.9,2.6,72.2,0.9,3.0,3.9,1.7,1.4,0.9,0.0,2.6,19.5,0,0,-4.6
Moritz Wagner,WAS,22,7,2,5,18.3,11.1,4.1,7.0,59.2,1.0,2.4,41.2,1.9,2.1,86.7,1.4,3.4,4.9,0.3,2.6,0.7,1.0,3.9,20.0,0,0,6.4
Rudy Gay,SAS,33,7,4,3,23.5,11.1,4.1,9.1,45.3,1.0,4.0,25.0,1.9,2.4,76.5,1.7,5.9,7.6,2.6,1.7,0.4,0.4,1.3,24.9,1,0,5.1
Jonathan Isaac,ORL,22,8,2,6,30.1,11.1,3.9,8.8,44.3,1.4,3.8,36.7,2.0,2.1,94.1,1.3,5.8,7.0,1.8,1.6,1.6,3.0,2.4,34.4,2,0,0.3
Bogdan Bogdanovic,SAC,27,8,2,6,24.4,11.0,3.6,10.5,34.5,2.4,6.8,35.2,1.4,2.1,64.7,0.1,2.3,2.4,3.1,1.4,1.0,0.0,2.3,20.2,0,0,-9.1
Frank Kaminsky,PHX,26,7,5,2,24.9,11.0,3.3,9.1,35.9,0.7,4.0,17.9,3.7,4.9,76.5,0.6,5.4,6.0,2.4,2.1,0.1,0.4,2.3,21.4,1,0,2.0
J.J. Barea,DAL,35,1,1,0,15.8,11.0,3.0,6.0,50.0,3.0,4.0,75.0,2.0,2.0,100,1.0,0.0,1.0,3.0,2.0,0.0,0.0,0.0,14.7,0,0,0.0
Jaren Jackson Jr.,MEM,20,6,2,4,23.5,11.0,3.8,9.5,40.4,0.8,3.5,23.8,2.5,3.2,78.9,1.7,3.5,5.2,1.0,2.3,0.5,1.3,4.3,21.9,1,0,-7.0
Kevin Knox II,NYK,20,8,1,7,23.9,11.0,3.6,8.3,43.9,1.9,4.3,44.1,1.9,2.8,68.2,0.6,2.9,3.5,1.4,0.9,0.8,0.1,2.0,19.0,0,0,-5.1
Richaun Holmes,SAC,26,8,2,6,24.5,11.0,4.9,7.4,66.1,0.0,0.0,0.0,1.3,1.8,71.4,2.5,4.3,6.8,0.9,1.3,0.8,1.4,4.0,25.5,2,0,2.0
Avery Bradley,LAL,28,6,5,1,27.8,10.7,4.5,8.7,51.9,1.0,2.8,35.3,0.7,1.0,66.7,0.2,3.2,3.3,0.7,1.0,1.3,0.2,2.2,19.2,0,0,3.5
Glenn Robinson III,GSW,25,8,2,6,30.1,10.6,4.1,9.0,45.8,1.1,2.9,39.1,1.3,1.5,83.3,2.6,3.9,6.5,1.6,1.0,0.8,0.3,1.6,22.9,1,0,-6.0
Danny Green,LAL,32,7,6,1,27.1,10.6,3.9,8.0,48.2,2.4,5.1,47.2,0.4,0.7,60.0,0.4,2.6,3.0,1.0,0.9,1.4,0.4,3.0,20.4,0,0,6.4
JJ Redick,NOP,35,7,1,6,23.9,10.6,3.4,8.7,39.3,2.6,6.0,42.9,1.1,1.6,72.7,0.3,1.3,1.6,1.4,1.7,0.3,0.4,1.3,15.0,0,0,-8.4
Larry Nance Jr.,CLE,26,7,2,5,24.2,10.4,3.9,8.0,48.2,1.3,3.4,37.5,1.4,2.0,71.4,1.6,4.6,6.1,1.3,1.1,0.4,0.4,2.1,21.2,0,0,-9.7
Tim Hardaway Jr.,DAL,27,7,5,2,23.3,10.4,3.4,9.3,36.9,1.7,5.4,31.6,1.9,2.3,81.3,0.4,2.0,2.4,1.6,0.4,0.1,0.0,2.4,15.7,0,0,6.9
Brook Lopez,MIL,31,8,6,2,28.2,10.4,3.3,8.9,36.6,1.5,5.3,28.6,2.4,2.6,90.5,0.5,3.9,4.4,1.9,1.4,0.6,2.5,2.1,26.4,1,0,8.4
Eric Gordon,HOU,30,7,4,3,30.6,10.3,3.6,12.9,27.8,2.0,8.6,23.3,1.1,1.7,66.7,0.3,1.4,1.7,0.9,0.9,0.7,0.1,2.3,15.3,0,0,-6.7
Jordan Poole,GSW,20,8,2,6,26.0,10.3,2.9,11.1,25.8,1.9,6.0,31.3,2.6,2.6,100,0.1,1.8,1.9,2.0,1.5,0.6,0.3,2.4,16.6,0,0,-2.3
Markelle Fultz,ORL,21,8,2,6,23.4,10.3,4.4,9.1,47.9,0.5,2.5,20.0,1.0,1.3,80.0,0.8,1.3,2.0,3.3,1.8,1.3,0.0,2.8,19.5,0,0,-1.3
Marcus Smart,BOS,25,6,5,1,32.1,10.2,3.5,9.7,36.2,2.2,6.5,33.3,1.0,1.3,75.0,0.7,3.2,3.8,4.7,0.8,1.2,0.3,2.5,25.4,0,0,2.8
JaMychal Green,LAC,29,8,5,3,22.3,10.1,3.3,6.6,49.1,2.4,4.8,50.0,1.3,1.5,83.3,1.0,4.1,5.1,0.3,0.6,0.3,0.3,3.4,17.5,0,0,1.4
Langston Galloway,DET,27,9,4,5,23.3,10.1,2.9,7.2,40.0,1.6,3.8,41.2,2.8,3.0,92.6,0.2,1.9,2.1,1.8,0.6,0.8,0.3,0.9,18.1,0,0,4.8
Duncan Robinson,MIA,25,7,5,2,20.7,10.0,3.7,7.3,51.0,2.4,5.4,44.7,0.1,0.1,100,0.1,2.0,2.1,0.4,0.6,0.1,0.7,1.4,15.2,0,0,2.1
Thaddeus Young,CHI,31,9,3,6,21.9,9.9,4.2,9.0,46.9,1.3,3.9,34.3,0.1,0.9,12.5,0.8,2.8,3.6,1.4,1.4,1.2,0.3,1.8,19.5,0,0,-1.2
Jahlil Okafor,NOP,23,7,1,6,18.3,9.9,3.9,6.3,61.4,0.0,0.0,0.0,2.1,3.1,68.2,1.9,3.3,5.1,1.1,1.9,0.4,1.0,3.4,20.2,1,0,-0.7
Dwight Powell,DAL,28,4,3,1,25.0,9.8,3.8,6.3,60.0,0.3,0.8,33.3,2.0,3.0,66.7,2.3,3.0,5.3,0.5,1.8,0.5,0.0,2.5,16.6,0,0,-1.5
Troy Brown Jr.,WAS,20,4,1,3,21.6,9.8,3.8,7.5,50.0,0.8,2.3,33.3,1.5,1.5,100,1.5,3.5,5.0,1.5,0.8,1.5,0.3,1.0,22.5,1,0,0.8
Cedi Osman,CLE,24,7,2,5,30.4,9.7,3.4,8.3,41.4,2.3,4.9,47.1,0.6,0.9,66.7,0.3,2.9,3.1,1.7,0.9,1.0,0.3,2.6,19.1,0,0,1.1
Kyle Kuzma,LAL,24,3,3,0,18.6,9.7,4.0,10.3,38.7,0.7,5.3,12.5,1.0,1.7,60.0,0.3,3.0,3.3,0.3,1.3,0.0,0.3,1.0,13.8,0,0,0.3
Maxi Kleber,DAL,27,6,4,2,27.1,9.7,3.3,7.5,44.4,1.3,4.0,33.3,1.7,1.8,90.9,1.5,5.5,7.0,1.3,1.2,0.2,1.3,3.0,23.4,0,0,0.2
Tony Snell,DET,27,9,4,5,28.4,9.7,3.6,7.7,46.4,2.3,5.1,45.7,0.2,0.2,100,0.3,1.2,1.6,1.9,0.2,0.6,0.2,1.8,16.5,0,0,-4.8
Landry Shamet,LAC,22,8,5,3,30.7,9.6,3.3,8.5,38.2,2.1,6.1,34.7,1.0,1.0,100,0.0,1.6,1.6,1.9,1.1,0.4,0.1,3.0,14.8,0,0,-0.6
Anfernee Simons,POR,20,7,3,4,16.9,9.6,3.7,7.0,53.1,1.3,3.1,40.9,0.9,1.0,85.7,0.1,1.3,1.4,0.7,1.3,0.9,0.1,1.9,14.1,0,0,-0.6
DeAndre' Bembry,ATL,25,7,3,4,24.2,9.6,4.1,7.0,59.2,0.1,0.7,20.0,1.1,2.9,40.0,1.4,3.1,4.6,3.3,2.1,1.4,0.1,2.0,22.6,1,0,-5.6
Jae Crowder,MEM,29,7,2,5,30.8,9.6,3.0,8.9,33.9,1.9,6.4,28.9,1.7,2.4,70.6,1.0,4.4,5.4,2.7,1.6,1.0,0.4,2.3,22.9,0,0,-3.9
Mitchell Robinson,NYK,21,7,1,6,17.6,9.6,4.0,5.6,71.8,0.0,0.0,0.0,1.6,2.1,73.3,3.0,3.0,6.0,0.6,0.7,0.7,1.9,3.1,24.6,0,0,-6.4
Bobby Portis,NYK,24,8,1,7,23.8,9.5,3.9,9.4,41.3,0.9,2.8,31.8,0.9,1.1,77.8,2.1,5.3,7.4,1.4,1.0,0.5,0.4,2.5,22.0,2,0,-2.9
Hamidou Diallo,OKC,21,7,3,4,20.4,9.4,3.9,8.4,45.8,0.1,1.6,9.1,1.6,2.6,61.1,2.0,3.1,5.1,0.6,1.4,1.1,0.6,2.4,20.2,1,0,-0.7
Draymond Green,GSW,29,5,1,4,28.9,9.4,3.6,8.4,42.9,0.8,2.6,30.8,1.4,2.0,70.0,0.8,7.0,7.8,5.2,1.4,1.4,0.0,2.2,29.4,1,1,-13.6
Delon Wright,DAL,27,7,5,2,23.7,9.3,3.6,6.1,58.1,0.9,1.4,60.0,1.3,1.4,90.0,0.3,2.7,3.0,3.9,0.6,1.4,0.0,1.4,22.4,0,0,3.3
Jarrett Allen,BKN,21,7,3,4,27.1,9.1,3.7,5.9,63.4,0.0,0.0,0.0,1.7,3.4,50.0,3.4,6.3,9.7,1.0,1.6,0.4,1.3,2.0,25.9,2,0,7.0
D.J. Augustin,ORL,31,8,2,6,25.6,9.0,3.1,7.8,40.3,0.6,2.4,26.3,2.1,2.5,85.0,0.4,1.0,1.4,4.3,1.1,0.4,0.0,0.9,17.0,0,0,-1.8
Emmanuel Mudiay,UTA,23,6,4,2,18.3,9.0,3.8,8.2,46.9,0.3,1.8,18.2,1.0,1.3,75.0,0.2,2.2,2.3,3.5,2.3,0.5,0.5,1.5,17.7,0,0,7.0
Jerami Grant,DEN,25,7,5,2,24.2,9.0,3.4,8.0,42.9,0.9,3.6,24.0,1.3,2.1,60.0,0.9,2.6,3.4,1.1,1.3,0.6,0.3,2.0,16.1,0,0,-2.9
Meyers Leonard,MIA,27,7,5,2,21.7,9.0,3.6,5.7,62.5,1.3,2.0,64.3,0.6,0.9,66.7,0.4,4.4,4.9,1.0,0.7,0.7,0.9,2.9,20.3,0,0,4.4
Zach Collins,POR,21,3,2,1,28.8,9.0,3.0,6.3,47.4,1.0,2.3,42.9,2.0,2.0,100,1.3,2.7,4.0,2.0,2.0,0.0,0.7,3.7,16.8,0,0,6.3
Ivica Zubac,LAC,22,8,5,3,15.6,8.9,3.1,4.4,71.4,0.0,0.0,0.0,2.6,3.0,87.5,1.6,4.4,6.0,0.5,1.0,0.1,1.4,2.1,20.3,1,0,1.4
Dario Saric,PHX,25,7,5,2,27.0,8.9,3.4,8.6,40.0,1.3,3.9,33.3,0.7,1.1,62.5,1.6,4.9,6.4,2.1,1.6,1.4,0.3,1.9,23.4,1,0,7.6
De'Andre Hunter,ATL,21,7,3,4,28.1,8.9,3.1,8.3,37.9,0.9,3.4,25.0,1.7,2.1,80.0,0.6,4.0,4.6,1.3,1.7,0.6,0.3,2.0,17.1,0,0,1.0
Jake Layman,MIN,25,7,4,3,24.6,8.9,3.4,8.9,38.7,1.3,3.7,34.6,0.7,0.9,83.3,0.6,1.7,2.3,0.7,1.1,1.0,0.6,2.4,16.2,0,0,2.0
Tomas Satoransky,CHI,28,9,3,6,26.3,8.8,3.1,6.6,47.5,1.2,2.4,50.0,1.3,1.4,92.3,0.9,1.9,2.8,5.7,1.9,1.1,0.2,2.1,22.7,0,0,0.0
Christian Wood,DET,24,8,4,4,15.1,8.8,3.1,5.0,62.5,1.0,1.8,57.1,1.5,2.3,66.7,1.0,3.3,4.3,0.3,1.0,0.1,0.9,0.6,16.2,1,0,1.5
Nemanja Bjelica,SAC,31,8,2,6,23.9,8.8,3.4,6.6,50.9,1.8,3.6,48.3,0.3,0.3,100,1.5,3.6,5.1,2.1,1.1,1.0,0.4,2.1,21.1,0,0,-2.0
Seth Curry,DAL,29,7,5,2,19.8,8.7,2.9,6.1,46.5,1.6,3.9,40.7,1.4,1.7,83.3,0.4,1.0,1.4,1.6,0.9,0.9,0.3,1.3,15.4,0,0,0.1
Derrick Jones Jr.,MIA,22,3,2,1,16.1,8.7,3.7,5.7,64.7,0.3,1.3,25.0,1.0,1.0,100,0.7,0.7,1.3,0.0,0.3,1.0,0.0,3.0,12.9,0,0,1.7
Kyle Korver,MIL,38,7,5,2,16.5,8.6,2.9,6.1,46.5,2.4,5.0,48.6,0.4,0.7,60.0,0.4,1.3,1.7,0.1,0.9,0.3,0.1,1.0,11.3,0,0,3.3
James Johnson,MIA,32,2,1,1,14.2,8.5,3.5,6.0,58.3,1.0,2.5,40.0,0.5,1.0,50.0,0.0,2.5,2.5,1.5,0.5,1.5,0.0,0.5,17.8,0,0,8.5
Furkan Korkmaz,PHI,22,7,5,2,19.8,8.4,2.7,6.3,43.2,1.9,4.4,41.9,1.1,1.4,80.0,0.1,2.1,2.3,0.9,0.7,0.1,0.4,1.6,13.5,0,0,0.3
Terrence Ross,ORL,28,7,2,5,22.2,8.3,2.9,10.1,28.2,1.1,6.0,19.0,1.4,1.6,90.9,0.6,2.7,3.3,1.4,1.6,0.9,0.3,2.0,16.2,0,0,-2.7
Allonzo Trier,NYK,23,5,0,5,15.8,8.0,2.0,5.0,40.0,1.2,3.2,37.5,2.8,3.8,73.7,0.2,1.6,1.8,1.4,1.8,0.2,0.4,2.2,12.3,0,0,-7.2
Dorian Finney-Smith,DAL,26,7,5,2,27.0,8.0,2.7,6.1,44.2,1.0,3.1,31.8,1.6,2.4,64.7,2.6,3.9,6.4,0.6,1.3,0.9,0.1,2.0,18.3,0,0,3.4
Elfrid Payton,NYK,25,4,1,3,25.4,8.0,2.8,7.3,37.9,1.3,2.0,62.5,1.3,1.5,83.3,0.8,2.3,3.0,3.8,1.8,2.5,0.0,2.0,23.0,0,0,0.8
Gorgui Dieng,MIN,29,4,2,2,12.6,8.0,3.0,5.8,52.2,0.5,2.0,25.0,1.5,1.8,85.7,1.3,2.8,4.0,1.3,0.8,0.8,1.0,0.8,19.2,0,0,-4.0
Willie Cauley-Stein,GSW,26,5,1,4,17.2,8.0,3.4,6.0,56.7,0.0,0.0,0.0,1.2,1.2,100,1.2,3.8,5.0,1.4,0.2,0.8,0.4,2.8,19.5,0,0,-3.0
Bruce Brown,DET,23,9,4,5,26.9,7.9,2.9,7.3,39.4,0.6,1.8,31.3,1.6,2.3,66.7,0.9,3.2,4.1,2.7,2.3,0.9,0.4,3.6,18.5,0,0,1.1
Patrick Beverley,LAC,31,8,5,3,30.8,7.9,3.0,8.0,37.5,0.9,4.4,20.0,1.0,1.4,72.7,1.1,5.4,6.5,3.1,1.9,1.8,0.4,3.4,24.9,1,0,5.1
Jalen Brunson,DAL,23,7,5,2,20.9,7.9,3.0,8.0,37.5,0.9,3.1,27.3,1.0,2.0,50.0,1.0,2.1,3.1,3.4,0.9,0.4,0.0,1.3,17.2,0,0,5.4
Jarrett Culver,MIN,20,7,4,3,19.8,7.9,3.0,8.6,35.0,1.3,4.0,32.1,0.6,1.9,30.8,0.9,1.7,2.6,1.7,1.7,0.7,0.0,2.0,13.9,0,0,0.7
Josh Okogie,MIN,21,7,4,3,22.0,7.9,2.7,5.3,51.4,0.4,1.7,25.0,2.0,3.1,63.6,1.0,3.9,4.9,2.1,1.7,1.4,0.1,2.1,19.9,0,0,2.6
Kent Bazemore,POR,30,7,3,4,24.5,7.9,2.9,7.9,36.4,1.0,3.1,31.8,1.1,1.9,61.5,0.3,4.7,5.0,1.3,1.6,1.1,1.0,4.1,20.6,0,0,-6.0
Malik Beasley,DEN,22,7,5,2,19.2,7.9,2.9,7.9,36.4,1.7,4.1,41.4,0.4,0.4,100,0.3,1.1,1.4,0.9,1.3,0.9,0.1,1.7,12.6,0,0,-2.1
Shabazz Napier,MIN,28,6,4,2,22.2,7.8,2.2,7.2,30.2,1.2,5.2,22.6,2.3,2.7,87.5,0.2,2.3,2.5,4.5,2.0,1.5,0.5,0.7,21.6,0,0,3.7
Donte DiVincenzo,MIL,22,5,5,0,15.0,7.8,2.8,6.4,43.8,1.8,3.6,50.0,0.4,0.8,50.0,0.8,2.4,3.2,1.2,1.0,0.8,0.4,1.6,16.0,0,0,10.0
Jaxson Hayes,NOP,19,4,1,3,15.8,7.8,3.3,5.3,61.9,0.0,0.5,0.0,1.3,2.0,62.5,2.0,1.8,3.8,1.3,0.8,1.0,0.3,4.5,17.1,0,0,1.0
Ish Smith,WAS,31,7,2,5,27.1,7.7,3.3,8.3,39.7,0.6,2.6,22.2,0.6,1.0,57.1,0.9,2.1,3.0,4.6,1.3,0.6,0.4,2.4,19.9,0,0,1.7
Joe Ingles,UTA,32,8,5,3,28.8,7.6,2.8,6.9,40.0,1.6,4.8,34.2,0.5,0.5,100,0.3,3.6,3.9,3.4,1.3,0.9,0.1,2.6,19.1,0,0,3.0
Solomon Hill,MEM,28,5,2,3,17.8,7.6,2.6,5.0,52.0,1.0,2.4,41.7,1.4,2.0,70.0,0.6,2.4,3.0,1.6,1.4,0.8,0.2,1.6,15.2,0,0,-3.0
Darius Garland,CLE,19,7,2,5,27.0,7.6,3.0,10.3,29.2,1.0,3.9,25.9,0.6,0.9,66.7,0.3,1.1,1.4,3.3,2.4,0.7,0.0,1.3,13.9,0,0,-4.4
Kyle Anderson,MEM,26,7,2,5,20.7,7.6,3.0,5.7,52.5,0.1,0.9,16.7,1.4,2.3,62.5,0.9,3.7,4.6,2.1,0.7,0.7,0.7,1.7,19.8,0,0,-4.6
Malik Monk,CHA,21,7,4,3,18.0,7.6,3.3,7.1,46.0,1.0,3.6,28.0,0.0,0.1,0.0,0.1,1.6,1.7,2.1,1.6,0.3,0.3,1.7,13.0,0,0,-6.7
Ky Bowman,GSW,22,8,2,6,20.3,7.5,2.9,6.8,42.6,0.8,1.9,40.0,1.0,1.1,88.9,0.1,1.5,1.6,2.5,1.4,0.8,0.0,1.6,14.1,0,0,-0.1
Norman Powell,TOR,26,7,5,2,23.5,7.4,2.6,6.7,38.3,1.0,3.9,25.9,1.3,1.6,81.8,0.4,3.4,3.9,1.4,1.6,1.0,0.0,1.4,15.6,0,0,-0.4
Tyus Jones,MEM,23,7,2,5,21.7,7.4,2.9,7.6,37.7,0.1,1.7,8.3,1.6,2.3,68.8,0.0,1.4,1.4,4.6,1.1,1.4,0.0,1.3,19.1,0,0,-6.0
Grayson Allen,MEM,24,5,1,4,16.9,7.4,2.2,7.0,31.4,1.0,3.8,26.3,2.0,2.4,83.3,0.2,1.8,2.0,1.6,1.4,0.4,0.0,2.0,12.0,0,0,-10.0
Michael Porter Jr.,DEN,21,3,2,1,10.5,7.3,2.7,4.0,66.7,0.3,1.0,33.3,1.7,2.7,62.5,1.0,2.0,3.0,0.3,0.7,0.0,0.0,1.0,10.8,0,0,0.0
Marvin Williams,CHA,33,7,4,3,17.7,7.3,2.6,5.0,51.4,1.6,3.4,45.8,0.6,0.7,80.0,0.6,1.4,2.0,0.7,0.6,0.4,0.1,1.4,11.9,0,0,-3.9
Mike Scott,PHI,31,7,5,2,16.9,7.3,2.7,5.1,52.8,1.3,3.1,40.9,0.6,0.6,100,0.7,2.1,2.9,0.7,0.6,0.0,0.0,2.3,11.2,0,0,7.4
Nerlens Noel,OKC,25,7,3,4,16.6,7.3,2.9,4.1,69.0,0.0,0.0,0.0,1.6,2.0,78.6,1.1,3.4,4.6,1.3,1.1,0.7,1.6,2.3,20.4,1,0,-0.6
JaKarr Sampson,IND,26,4,3,1,18.4,7.3,3.5,7.0,50.0,0.3,1.8,14.3,0.0,1.0,0.0,1.3,2.5,3.8,0.5,0.5,0.5,1.0,2.5,16.5,0,0,5.0
Garrett Temple,BKN,33,7,3,4,20.9,7.1,2.4,5.1,47.2,1.3,3.4,37.5,1.0,1.3,77.8,0.4,2.1,2.6,1.7,0.6,1.4,0.6,1.1,18.2,0,0,-2.3
Kevin Huerter,ATL,21,7,3,4,21.3,7.1,2.4,7.0,34.7,1.0,3.7,26.9,1.3,1.7,75.0,0.6,2.7,3.3,2.7,1.7,0.9,0.4,2.1,17.3,0,0,-3.0
Marc Gasol,TOR,34,7,5,2,25.6,7.1,2.4,6.7,36.2,1.1,3.0,38.1,1.1,1.4,80.0,1.0,6.0,7.0,2.1,1.4,0.1,0.3,3.3,18.6,2,0,7.7
Tyler Johnson,PHX,27,7,5,2,19.4,7.1,2.7,5.9,46.3,1.1,2.9,40.0,0.6,0.6,100,0.1,1.4,1.6,1.9,0.9,0.3,0.1,1.9,12.2,0,0,1.7
Doug McDermott,IND,27,8,4,4,19.4,7.1,2.5,6.4,39.2,1.5,3.5,42.9,0.6,0.8,83.3,0.4,2.1,2.5,1.6,1.1,0.3,0.1,2.5,12.6,0,0,-0.1
Chandler Hutchison,CHI,23,2,1,1,16.7,7.0,2.0,4.0,50.0,0.5,1.0,50.0,2.5,5.0,50.0,0.5,3.0,3.5,0.5,1.0,0.0,0.0,2.5,11.0,0,0,9.0
Edmond Sumner,IND,23,3,0,3,22.2,7.0,3.0,6.0,50.0,0.0,1.0,0.0,1.0,1.7,60.0,0.3,0.7,1.0,2.0,0.3,1.7,0.3,3.0,16.9,0,0,-11.0
Ersan Ilyasova,MIL,32,8,6,2,17.9,7.0,2.4,5.9,40.4,1.0,3.4,29.6,1.3,1.5,83.3,1.3,4.9,6.1,0.5,0.6,0.6,0.6,2.8,18.2,1,0,-2.1
Steven Adams,OKC,26,5,2,3,27.0,7.0,3.0,7.8,38.5,0.0,0.0,0.0,1.0,3.2,31.3,3.6,8.0,11.6,1.8,1.2,0.4,0.8,2.2,26.0,1,0,5.6
Austin Rivers,HOU,27,8,5,3,19.4,6.9,2.5,5.8,43.5,1.5,3.6,41.4,0.4,0.8,50.0,0.4,1.8,2.1,1.5,0.4,0.0,0.0,2.1,11.3,0,0,-3.4
Omari Spellman,GSW,22,8,2,6,16.6,6.9,2.4,5.3,45.2,0.4,1.3,30.0,1.8,2.1,82.4,2.3,3.5,5.8,1.3,1.3,0.9,0.6,1.3,18.9,0,0,-1.1
Wesley Matthews,MIL,33,8,6,2,23.5,6.9,2.6,6.1,42.9,1.4,4.5,30.6,0.3,0.4,66.7,0.1,1.9,2.0,0.9,0.5,1.0,0.1,1.0,13.5,0,0,8.0
Kelly Olynyk,MIA,28,7,5,2,20.1,6.9,2.1,6.3,34.1,1.4,4.1,34.5,1.1,1.4,80.0,1.1,4.3,5.4,1.7,1.4,1.0,0.7,3.4,19.7,0,0,2.3
Kentavious Caldwell-Pope,LAL,26,7,6,1,23.7,6.9,2.7,7.0,38.8,0.7,2.4,29.4,0.7,1.0,71.4,0.3,2.0,2.3,1.6,1.0,0.7,0.1,2.4,13.5,0,0,6.4
Monte Morris,DEN,24,7,5,2,16.8,6.9,2.7,7.0,38.8,0.4,0.9,50.0,1.0,1.1,87.5,0.0,1.3,1.3,3.6,0.6,0.4,0.1,0.6,14.9,0,0,-3.4
Skal Labissiere,POR,23,7,3,4,13.5,6.9,2.9,5.0,57.1,0.0,0.1,0.0,1.1,1.7,66.7,2.4,1.6,4.0,0.7,1.1,0.1,1.0,2.6,15.0,0,0,1.4
Nicolo Melli,NOP,28,6,1,5,14.3,6.8,2.5,4.5,55.6,0.8,2.3,35.7,1.0,1.3,75.0,0.7,2.2,2.8,1.2,1.0,0.2,0.2,1.7,12.0,0,0,1.5
Dwight Howard,LAL,33,7,6,1,21.7,6.7,3.1,4.0,78.6,0.0,0.0,0.0,0.4,1.3,33.3,2.4,5.4,7.9,1.1,0.9,0.7,2.1,4.1,25.6,2,0,10.1
Mason Plumlee,DEN,29,7,5,2,17.1,6.7,2.6,4.4,58.1,0.0,0.1,0.0,1.6,2.4,64.7,2.0,3.3,5.3,2.7,0.9,0.7,0.4,2.9,19.7,0,0,-3.4
Goga Bitadze,IND,20,6,4,2,18.1,6.7,2.3,4.8,48.3,0.5,1.3,37.5,1.5,2.0,75.0,1.8,3.2,5.0,1.5,1.3,0.0,2.2,3.3,20.1,1,0,1.3
Bismack Biyombo,CHA,27,5,2,3,12.2,6.6,2.6,3.2,81.3,0.0,0.0,0.0,1.4,3.4,41.2,1.4,1.4,2.8,1.2,1.0,0.2,0.6,1.8,13.2,0,0,1.0
Derrick Favors,NOP,28,4,0,4,17.2,6.5,3.3,5.5,59.1,0.0,0.3,0.0,0.0,0.5,0.0,2.0,3.8,5.8,1.8,2.3,0.3,0.3,2.3,15.3,0,0,-7.0
Shake Milton,PHI,23,3,3,0,8.6,6.3,2.0,4.0,50.0,1.3,3.0,44.4,1.0,1.3,75.0,0.0,0.7,0.7,1.0,1.3,0.0,0.0,1.7,7.3,0,0,2.0
Justin Jackson,DAL,24,7,5,2,13.4,6.3,2.3,4.1,55.2,0.7,1.7,41.7,1.0,1.1,87.5,0.4,2.0,2.4,0.4,0.6,0.1,0.0,1.1,9.7,0,0,-1.0
Quinn Cook,LAL,26,7,6,1,17.1,6.3,2.6,6.1,41.9,0.9,2.6,33.3,0.3,0.4,66.7,0.4,1.3,1.7,2.3,0.7,0.3,0.1,0.6,12.3,0,0,6.7
Treveon Graham,MIN,26,7,4,3,23.9,6.3,2.3,7.3,31.4,0.7,3.0,23.8,1.0,1.0,100,0.9,2.7,3.6,1.9,0.4,1.1,0.1,2.0,16.8,0,0,-8.3
Cam Reddish,ATL,20,7,3,4,25.4,6.1,2.0,8.1,24.6,0.7,3.6,20.0,1.4,1.7,83.3,0.7,3.4,4.1,1.9,2.1,1.1,0.1,1.7,15.6,0,0,-6.7
DeAndre Jordan,BKN,31,7,3,4,21.1,6.1,2.6,4.6,56.3,0.0,0.0,0.0,1.0,2.1,46.7,2.3,7.0,9.3,1.6,1.4,0.4,1.3,2.6,23.4,1,0,-6.7
Mario Hezonja,POR,24,7,3,4,23.1,6.1,2.1,5.3,40.5,1.0,2.4,41.2,0.9,1.1,75.0,0.6,5.9,6.4,1.0,0.9,0.9,0.3,3.0,17.9,1,0,-0.1
Cory Joseph,SAC,28,8,2,6,15.8,6.1,2.4,5.6,42.2,0.3,1.4,18.2,1.1,1.1,100,0.9,1.0,1.9,2.0,1.4,0.4,0.3,1.6,11.9,0,0,-4.5
Kris Dunn,CHI,25,9,3,6,20.3,6.1,2.8,6.1,45.5,0.1,1.3,8.3,0.4,0.8,57.1,0.6,1.9,2.4,2.7,0.8,2.2,0.2,3.1,19.6,0,0,-2.4
Aaron Holiday,IND,23,6,4,2,16.7,6.0,2.2,6.5,33.3,1.3,2.7,50.0,0.3,0.5,66.7,0.0,1.7,1.7,2.0,0.7,0.7,0.2,1.7,12.8,0,0,1.3
E'Twaun Moore,NOP,30,2,0,2,13.5,6.0,2.0,5.5,36.4,1.0,2.5,40.0,1.0,1.5,66.7,0.5,1.5,2.0,1.5,0.0,0.0,0.0,0.5,10.7,0,0,3.5
Jacob Evans,GSW,22,3,1,2,14.4,6.0,1.7,4.0,41.7,1.3,2.7,50.0,1.3,1.3,100,0.3,1.3,1.7,0.7,0.3,0.0,0.0,0.7,8.7,0,0,-4.0
Jeff Green,UTA,33,8,5,3,19.0,6.0,1.9,5.5,34.1,1.4,3.3,42.3,0.9,1.5,58.3,0.0,2.1,2.1,0.5,1.0,0.6,0.4,1.5,11.3,0,0,-4.0
Ben McLemore,HOU,26,8,5,3,15.1,5.9,1.8,4.8,36.8,1.5,4.4,34.3,0.9,1.1,77.8,0.0,0.3,0.3,0.8,0.4,0.4,0.0,1.4,8.1,0,0,2.9
Royce O'Neale,UTA,26,8,5,3,27.6,5.9,2.4,4.4,54.3,0.9,2.0,43.8,0.3,0.3,100,0.1,3.8,3.9,1.9,1.1,0.6,0.5,2.9,15.6,0,0,-1.0
Carsen Edwards,BOS,21,5,4,1,13.3,5.8,2.0,5.6,35.7,1.0,3.4,29.4,0.8,1.2,66.7,0.4,1.0,1.4,1.0,0.0,0.4,0.2,1.0,10.8,0,0,-0.6
Jordan Bell,MIN,24,4,2,2,10.7,5.8,2.3,3.3,69.2,0.0,0.3,0.0,1.3,1.3,100,1.3,3.5,4.8,1.3,2.3,0.0,0.3,1.0,11.8,0,0,-4.8
Bruno Fernando,ATL,21,7,3,4,12.9,5.7,2.4,3.9,63.0,0.3,0.9,33.3,0.6,1.3,44.4,1.3,2.0,3.3,1.3,0.9,0.3,0.4,1.6,12.9,0,0,0.7
Darius Bazley,OKC,19,7,3,4,18.2,5.7,2.0,4.6,43.8,1.0,2.3,43.8,0.7,0.9,83.3,0.3,3.9,4.1,0.6,1.3,0.4,0.3,1.0,12.4,0,0,-1.4
Jevon Carter,PHX,24,7,5,2,19.0,5.7,1.9,5.0,37.1,1.4,3.4,41.7,0.6,0.6,100,0.3,1.9,2.1,2.4,1.9,1.1,0.1,2.3,13.9,0,0,2.0
Jordan McRae,WAS,28,2,0,2,12.6,5.5,2.0,4.5,44.4,0.5,1.5,33.3,1.0,1.0,100,0.0,3.0,3.0,1.5,0.5,0.0,0.0,1.0,10.9,0,0,-3.5
Tyrone Wallace,ATL,25,4,1,3,14.1,5.5,2.3,4.5,50.0,0.0,1.0,0.0,1.0,2.0,50.0,0.5,1.8,2.3,1.3,1.5,0.5,0.0,2.0,10.1,0,0,1.3
JaVale McGee,LAL,31,7,6,1,16.3,5.4,2.6,3.6,72.0,0.0,0.0,0.0,0.3,0.7,40.0,1.6,2.7,4.3,0.7,1.0,0.3,1.1,1.9,14.9,0,0,-0.6
Boban Marjanovic,DAL,31,3,2,1,9.2,5.3,2.7,5.7,47.1,0.0,0.0,0.0,0.0,0.3,0.0,1.7,3.3,5.0,0.3,1.0,0.0,0.0,1.7,10.8,0,0,11.0
Brandon Knight,CLE,27,3,0,3,12.7,5.3,1.7,5.0,33.3,1.7,4.3,38.5,0.3,0.7,50.0,0.0,1.0,1.0,2.3,1.0,0.3,0.0,2.0,10.0,0,0,-6.3
Chris Clemons,HOU,22,3,2,1,9.3,5.3,1.7,4.0,41.7,1.3,3.7,36.4,0.7,0.7,100,0.7,0.3,1.0,0.3,0.7,0.0,0.3,1.7,7.4,0,0,-4.3
Kevin Porter Jr.,CLE,19,6,2,4,18.0,5.3,1.7,5.5,30.3,0.5,2.0,25.0,1.5,1.5,100,0.5,1.8,2.3,1.3,1.3,0.2,0.7,2.7,11.3,0,0,-5.2
James Ennis III,PHI,29,7,5,2,14.5,5.3,1.7,3.6,48.0,0.3,1.0,28.6,1.6,2.0,78.6,1.6,3.0,4.6,0.6,1.0,0.4,0.1,2.0,12.3,0,0,1.1
Pat Connaughton,MIL,26,7,5,2,16.9,5.3,2.0,5.4,36.8,1.1,3.7,30.8,0.1,0.1,100,0.1,2.7,2.9,1.6,0.1,0.1,0.4,1.3,12.6,0,0,-1.7
Dewayne Dedmon,SAC,30,8,2,6,17.9,5.3,2.0,5.6,35.6,0.6,2.9,21.7,0.6,0.6,100,2.0,3.3,5.3,0.6,2.1,0.4,0.8,3.0,13.7,0,0,-7.5
Justin Holiday,IND,30,8,4,4,22.2,5.3,2.0,6.1,32.7,1.3,4.0,31.3,0.0,0.3,0.0,0.4,3.3,3.6,1.4,0.6,0.8,0.6,2.1,15.2,0,0,-1.4
Cameron Johnson,PHX,23,5,4,1,12.5,5.2,2.0,4.4,45.5,1.0,3.0,33.3,0.2,0.4,50.0,0.2,1.6,1.8,0.2,0.6,0.4,0.0,2.0,8.3,0,0,-3.2
Mo Bamba,ORL,21,6,2,4,13.2,5.2,2.2,5.5,39.4,0.7,2.0,33.3,0.2,0.7,25.0,1.0,4.0,5.0,0.3,0.8,0.2,0.7,2.3,13.3,0,0,1.0
Kenrich Williams,NOP,24,7,1,6,18.2,5.1,1.7,4.1,41.4,1.0,2.6,38.9,0.7,1.3,55.6,1.4,2.7,4.1,1.4,0.4,1.0,0.7,2.4,17.0,0,0,1.1
Vince Carter,ATL,42,7,3,4,14.3,5.1,2.0,5.4,36.8,0.6,3.4,16.7,0.6,0.6,100,0.0,2.0,2.0,0.6,0.4,0.6,0.0,1.0,9.7,0,0,5.4
Wayne Ellington,NYK,31,7,1,6,18.4,5.1,1.9,6.1,30.2,1.4,5.4,26.3,0.0,0.1,0.0,0.0,1.9,1.9,1.3,0.9,0.3,0.1,1.1,9.7,0,0,-1.0
Daniel Theis,BOS,27,5,4,1,21.9,5.0,1.8,5.2,34.6,0.2,1.2,16.7,1.2,1.8,66.7,1.2,5.4,6.6,0.6,0.6,0.0,2.6,2.8,21.0,0,0,3.6
Jordan McLaughlin,MIN,23,1,0,1,21.7,5.0,2.0,7.0,28.6,1.0,4.0,25.0,0.0,0.0,0.0,0.0,0.0,0.0,2.0,0.0,0.0,0.0,0.0,8.0,0,0,-9.0
Marquese Chriss,GSW,22,7,2,5,14.3,5.0,1.6,3.6,44.0,0.1,0.4,33.3,1.7,2.0,85.7,1.4,3.0,4.4,1.7,1.4,0.9,0.4,2.1,15.3,0,0,-4.6
Maurice Harkless,LAC,26,8,5,3,20.1,5.0,2.1,4.4,48.6,0.4,1.3,30.0,0.4,0.8,50.0,0.6,2.4,3.0,0.8,1.0,1.4,0.5,3.9,14.4,0,0,-0.8
Michael Kidd-Gilchrist,CHA,26,1,0,1,10.1,5.0,2.0,7.0,28.6,1.0,1.0,100,0.0,0.0,0.0,1.0,3.0,4.0,0.0,1.0,0.0,0.0,1.0,8.8,0,0,-1.0
Noah Vonleh,MIN,24,7,4,3,14.5,5.0,1.9,3.7,50.0,0.1,1.1,12.5,1.1,1.3,88.9,1.0,3.1,4.1,1.1,0.6,0.6,0.3,1.3,13.7,0,0,2.3
Reggie Jackson,DET,29,2,1,1,17.9,5.0,2.0,5.5,36.4,0.5,2.5,20.0,0.5,0.5,100,0.5,2.0,2.5,4.0,0.5,0.0,0.0,1.0,13.5,0,0,0.5
Troy Daniels,LAL,28,7,6,1,15.3,5.0,1.7,5.6,30.8,1.1,4.3,26.7,0.4,0.4,100,0.1,1.0,1.1,0.9,0.4,0.4,0.0,0.4,8.5,0,0,-1.3
Tony Bradley,UTA,21,5,3,2,7.5,4.8,2.0,2.6,76.9,0.0,0.0,0.0,0.8,1.2,66.7,1.2,1.2,2.4,0.0,0.4,0.2,0.4,1.2,9.1,0,0,-2.6
Al-Farouq Aminu,ORL,29,8,2,6,22.9,4.8,1.5,4.6,32.4,0.6,1.6,38.5,1.1,1.6,69.2,1.5,4.4,5.9,1.0,1.1,1.0,0.6,2.5,17.1,0,0,-2.0
Matt Thomas,TOR,25,4,3,1,10.2,4.8,1.5,2.3,66.7,1.3,2.0,62.5,0.5,0.5,100,0.0,1.0,1.0,0.0,0.3,0.5,0.0,0.5,7.2,0,0,0.3
Isaac Bonga,WAS,19,7,2,5,21.3,4.7,1.9,4.1,44.8,0.1,0.7,20.0,0.9,1.3,66.7,1.0,2.9,3.9,1.7,0.9,1.0,0.1,3.0,14.5,0,0,-0.7
Mikal Bridges,PHX,23,7,5,2,19.6,4.7,1.9,3.4,54.2,0.1,1.0,14.3,0.9,1.1,75.0,0.1,3.0,3.1,1.0,0.7,1.7,0.0,1.7,14.4,0,0,3.0
Patrick Patterson,LAC,30,8,5,3,21.7,4.6,1.6,4.8,34.2,1.3,3.5,35.7,0.1,0.3,50.0,0.9,3.4,4.3,1.3,0.6,0.3,0.1,1.5,12.1,0,0,4.1
Michael Carter-Williams,ORL,28,5,2,3,14.8,4.6,1.6,4.4,36.4,0.4,1.2,33.3,1.0,1.0,100,1.6,2.4,4.0,1.2,0.8,1.4,0.8,1.4,17.0,0,0,-2.4
Robert Williams III,BOS,22,5,4,1,15.1,4.6,2.2,3.2,68.8,0.0,0.0,0.0,0.2,0.4,50.0,1.4,3.4,4.8,2.2,0.6,1.2,1.2,3.2,20.3,0,0,4.2
Svi Mykhailiuk,DET,22,4,2,2,16.6,4.5,1.5,3.8,40.0,1.5,3.0,50.0,0.0,0.0,0.0,0.0,1.0,1.0,1.5,1.3,0.0,0.3,0.3,7.5,0,0,3.3
Jakob Poeltl,SAS,24,7,4,3,15.3,4.4,1.7,3.1,54.5,0.0,0.0,0.0,1.0,1.6,63.6,2.0,2.4,4.4,1.1,0.9,0.4,0.9,2.0,14.5,0,0,5.3
Marco Belinelli,SAS,33,7,4,3,16.3,4.4,1.6,5.7,27.5,0.6,3.1,18.2,0.7,1.0,71.4,0.0,1.3,1.3,1.1,0.7,0.3,0.0,0.9,7.8,0,0,0.4
Marko Guduric,MEM,24,7,2,5,16.5,4.4,1.9,5.1,36.1,0.3,2.1,13.3,0.4,0.4,100,0.7,2.3,3.0,1.7,1.6,0.1,0.1,0.9,9.9,0,0,-3.1
Admiral Schofield,WAS,22,5,2,3,10.3,4.4,1.4,2.0,70.0,0.8,1.4,57.1,0.8,0.8,100,0.4,1.2,1.6,0.2,0.0,0.0,0.0,0.6,6.6,0,0,1.6
Frank Ntilikina,NYK,21,7,1,6,20.9,4.3,1.9,4.9,38.2,0.6,2.0,28.6,0.0,0.3,0.0,0.4,1.3,1.7,2.1,1.1,0.9,0.6,2.0,12.7,0,0,-5.1
Nickeil Alexander-Walker,NOP,21,7,1,6,12.5,4.3,1.6,6.6,23.9,0.7,3.3,21.7,0.4,0.6,75.0,0.3,2.0,2.3,2.9,0.6,0.4,0.0,1.6,12.0,0,0,2.0
Luke Kornet,CHI,24,9,3,6,12.3,4.2,1.6,4.4,35.0,0.6,2.3,23.8,0.6,0.6,100,0.6,1.4,2.0,0.7,0.3,0.1,0.8,1.1,10.0,0,0,-1.8
Tim Frazier,DET,29,6,2,4,15.5,4.2,1.3,5.2,25.8,0.5,1.7,30.0,1.0,1.3,75.0,0.3,0.8,1.2,3.3,1.0,0.8,0.0,2.3,12.1,0,0,-5.2
Robin Lopez,MIL,31,8,6,2,15.2,4.1,1.6,3.8,43.3,0.4,2.0,18.8,0.5,1.1,44.4,0.4,2.0,2.4,0.8,0.9,0.3,0.6,1.8,9.9,0,0,3.4
T.J. McConnell,IND,27,8,4,4,15.2,4.1,1.9,4.9,38.5,0.0,0.1,0.0,0.4,0.4,100,0.6,1.9,2.5,3.6,1.3,0.6,0.1,1.5,13.6,0,0,0.5
Alex Len,ATL,26,7,3,4,17.1,4.0,1.4,4.7,30.3,0.3,2.1,13.3,0.9,1.0,85.7,1.1,3.3,4.4,1.1,1.1,0.4,1.3,2.0,15.0,0,0,-6.0
Amile Jefferson,ORL,26,1,0,1,5.6,4.0,2.0,2.0,100,0.0,0.0,0.0,0.0,0.0,0.0,1.0,0.0,1.0,2.0,1.0,0.0,0.0,0.0,7.2,0,0,-2.0
Evan Turner,ATL,31,3,2,1,11.4,4.0,1.3,2.3,57.1,0.0,0.3,0.0,1.3,1.7,80.0,0.0,1.0,1.0,2.3,0.7,1.0,0.0,0.7,11.0,0,0,-1.7
Josh Magette,ORL,29,1,0,1,5.6,4.0,2.0,4.0,50.0,0.0,0.0,0.0,0.0,0.0,0.0,1.0,0.0,1.0,1.0,0.0,1.0,0.0,0.0,9.7,0,0,-2.0
Patrick McCaw,TOR,24,2,2,0,20.0,4.0,1.5,2.5,60.0,0.5,1.5,33.3,0.5,1.0,50.0,1.0,2.0,3.0,1.5,1.5,1.5,0.0,1.5,12.9,0,0,-5.5
Sterling Brown,MIL,24,5,4,1,8.8,4.0,1.4,2.4,58.3,0.8,1.4,57.1,0.4,0.6,66.7,0.6,2.8,3.4,0.4,0.6,0.0,0.0,0.8,8.1,0,0,5.4
TJ Leaf,IND,22,6,2,4,12.9,4.0,1.7,4.8,34.5,0.3,1.0,33.3,0.3,0.3,100,1.8,2.8,4.7,0.7,0.8,0.5,0.2,2.2,11.8,1,0,-0.3
Tacko Fall,BOS,23,1,1,0,3.6,4.0,2.0,4.0,50.0,0.0,0.0,0.0,0.0,0.0,0.0,0.0,3.0,3.0,0.0,1.0,0.0,0.0,2.0,6.6,0,0,-2.0
Trevor Ariza,SAC,34,8,2,6,23.0,4.0,1.3,4.0,31.3,1.0,3.0,33.3,0.5,0.5,100,0.5,3.8,4.3,1.1,0.4,0.6,0.0,1.6,12.3,0,0,-5.5
Ryan Arcidiacono,CHI,25,9,3,6,14.2,3.9,1.1,2.4,45.5,0.8,1.4,53.8,0.9,1.0,88.9,0.4,1.1,1.6,1.4,0.1,0.4,0.1,1.6,9.5,0,0,-2.3
Matisse Thybulle,PHI,22,7,5,2,17.3,3.9,1.1,4.7,24.2,0.7,3.0,23.8,0.9,1.4,60.0,0.3,0.9,1.1,1.3,1.9,2.0,1.0,3.1,14.3,0,0,-4.1
Alex Caruso,LAL,25,6,6,0,17.6,3.8,1.5,4.3,34.6,0.5,1.8,27.3,0.3,0.5,66.7,0.2,1.5,1.7,1.5,1.8,1.5,0.5,1.2,12.3,0,0,2.5
Grant Williams,BOS,20,6,5,1,16.8,3.8,1.3,4.0,33.3,0.0,1.5,0.0,1.2,1.5,77.8,1.2,1.5,2.7,1.0,0.7,0.7,0.5,1.7,11.4,0,0,2.3
Kyle O'Quinn,PHI,29,6,5,1,9.9,3.8,1.5,3.3,45.0,0.5,1.5,33.3,0.3,0.8,40.0,1.7,2.2,3.8,0.8,0.7,0.2,0.5,1.2,11.0,0,0,-5.8
Trey Lyles,SAS,24,7,4,3,20.2,3.7,1.6,3.4,45.8,0.1,1.3,11.1,0.4,0.9,50.0,2.0,6.3,8.3,1.6,0.6,0.1,0.1,1.3,16.3,0,0,0.1
Bruno Caboclo,MEM,24,5,1,4,11.2,3.6,1.6,4.4,36.4,0.4,2.0,20.0,0.0,0.0,0.0,1.0,1.6,2.6,0.6,0.4,0.6,1.2,1.2,12.6,0,0,-3.8
Georges Niang,UTA,26,7,5,2,9.8,3.6,1.1,2.3,50.0,0.6,1.6,36.4,0.7,0.9,83.3,0.0,1.3,1.3,0.4,0.6,0.0,0.0,1.7,5.2,0,0,-5.3
Raul Neto,PHI,27,6,4,2,9.7,3.5,1.7,3.3,50.0,0.2,0.3,50.0,0.0,0.0,0.0,0.2,1.2,1.3,1.7,1.2,0.7,0.0,0.3,8.4,0,0,3.2
Chris Silva,MIA,23,7,5,2,8.6,3.4,1.3,1.9,69.2,0.0,0.0,0.0,0.9,0.9,100,2.0,1.0,3.0,0.6,1.1,0.4,1.1,2.3,11.5,0,0,1.1
Damian Jones,ATL,24,6,2,4,12.2,3.3,1.3,1.8,72.7,0.2,0.2,100,0.5,0.7,75.0,0.5,1.7,2.2,0.3,0.2,0.5,0.5,2.7,9.3,0,0,-0.2
Torrey Craig,DEN,28,7,5,2,19.3,3.3,1.3,4.1,31.0,0.4,2.1,20.0,0.3,0.6,50.0,1.1,3.1,4.3,1.3,0.7,0.4,1.1,2.7,14.4,0,0,-4.0
Anthony Tolliver,POR,34,7,3,4,18.1,3.1,0.9,3.4,25.0,0.7,2.7,26.3,0.7,0.9,83.3,0.6,2.9,3.4,1.0,0.6,0.3,0.4,1.0,10.3,0,0,-5.9
Terrance Ferguson,OKC,21,7,3,4,22.4,3.1,1.1,2.7,42.1,0.6,1.7,33.3,0.3,0.3,100,0.6,1.3,1.9,1.0,0.7,0.4,0.3,3.0,8.3,0,0,-0.4
Abdel Nader,OKC,26,4,2,2,10.4,3.0,1.0,2.8,36.4,0.8,2.0,37.5,0.3,0.5,50.0,0.3,1.5,1.8,0.3,1.3,0.0,0.0,1.0,4.2,0,0,-5.0
Chris Chiozza,WAS,23,2,1,1,17.4,3.0,1.0,4.5,22.2,1.0,2.0,50.0,0.0,0.0,0.0,0.0,2.0,2.0,3.5,1.5,1.0,1.0,3.0,15.2,0,0,1.0
Courtney Lee,DAL,34,2,2,0,10.9,3.0,1.5,3.5,42.9,0.0,1.5,0.0,0.0,0.0,0.0,0.0,0.5,0.5,0.0,0.0,0.0,0.0,1.0,3.6,0,0,-6.5
DeMarre Carroll,SAS,33,2,1,1,10.9,3.0,1.0,2.0,50.0,0.0,0.5,0.0,1.0,1.0,100,0.5,1.0,1.5,1.5,0.5,0.0,0.5,2.0,8.1,0,0,6.5
Denzel Valentine,CHI,25,1,0,1,4.6,3.0,1.0,4.0,25.0,1.0,2.0,50.0,0.0,0.0,0.0,1.0,0.0,1.0,0.0,0.0,0.0,0.0,0.0,4.2,0,0,-2.0
John Henson,CLE,28,1,1,0,8.3,3.0,1.0,2.0,50.0,0.0,1.0,0.0,1.0,6.0,16.7,2.0,1.0,3.0,0.0,1.0,2.0,2.0,0.0,17.6,0,0,-5.0
Kevon Looney,GSW,23,1,0,1,10.5,3.0,1.0,4.0,25.0,1.0,1.0,100,0.0,0.0,0.0,5.0,4.0,9.0,1.0,1.0,0.0,0.0,3.0,14.3,0,0,-4.0
Ryan Broekhoff,DAL,29,1,1,0,1.6,3.0,1.0,1.0,100,1.0,1.0,100,0.0,0.0,0.0,0.0,0.0,0.0,1.0,0.0,0.0,0.0,0.0,4.5,0,0,6.0
Willy Hernangomez,CHA,25,2,0,2,11.0,3.0,1.5,3.0,50.0,0.0,0.0,0.0,0.0,0.0,0.0,2.0,1.0,3.0,0.5,0.5,0.5,0.5,0.5,9.9,0,0,-4.5
Thon Maker,DET,22,9,4,5,13.8,2.9,1.0,2.4,40.9,0.2,0.8,28.6,0.7,1.2,54.5,0.4,1.8,2.2,0.4,0.6,0.3,0.7,1.7,8.7,0,0,-2.1
Jerome Robinson,LAC,22,5,2,3,7.7,2.8,1.2,3.2,37.5,0.4,1.0,40.0,0.0,0.0,0.0,0.0,1.0,1.0,0.8,1.4,0.2,0.0,0.4,4.4,0,0,-1.0
Matthew Dellavedova,CLE,29,5,2,3,16.8,2.8,1.2,4.0,30.0,0.0,2.4,0.0,0.4,0.6,66.7,0.4,1.0,1.4,2.4,1.0,0.6,0.0,1.6,8.9,0,0,-1.0
Brad Wanamaker,BOS,30,6,5,1,10.1,2.7,1.0,2.3,42.9,0.0,0.3,0.0,0.7,0.8,80.0,0.2,1.3,1.5,1.5,0.8,0.5,0.2,1.3,7.9,0,0,-1.3
Taj Gibson,NYK,34,6,1,5,11.9,2.7,1.2,2.8,41.2,0.0,0.5,0.0,0.3,0.3,100,0.5,1.8,2.3,1.2,0.7,0.2,0.2,1.3,7.6,0,0,-2.5
Ryan Anderson,HOU,31,2,1,1,7.0,2.5,1.0,3.5,28.6,0.5,2.5,20.0,0.0,0.0,0.0,0.0,3.5,3.5,1.0,0.5,0.5,0.0,0.5,9.2,0,0,3.5
Stanley Johnson,TOR,23,2,1,1,4.9,2.5,1.0,2.0,50.0,0.5,1.5,33.3,0.0,0.0,0.0,0.5,1.5,2.0,0.0,2.0,0.5,0.0,2.0,4.4,0,0,-4.5
Yogi Ferrell,SAC,26,5,1,4,5.1,2.4,0.8,2.0,40.0,0.2,0.8,25.0,0.6,0.8,75.0,0.0,0.6,0.6,0.6,0.2,0.2,0.2,0.4,5.0,0,0,1.4
Elie Okobo,PHX,22,3,3,0,3.1,2.3,1.0,1.7,60.0,0.3,0.7,50.0,0.0,0.0,0.0,0.0,0.7,0.7,0.7,0.0,0.0,0.0,0.3,4.1,0,0,-4.7
Justin James,SAC,22,3,1,2,4.0,2.3,1.0,2.3,42.9,0.0,0.7,0.0,0.3,1.3,25.0,0.0,0.7,0.7,0.3,0.0,0.3,0.3,0.0,5.6,0,0,2.7
Rodions Kurucs,BKN,21,7,3,4,11.8,2.3,0.9,2.4,35.3,0.3,0.4,66.7,0.3,0.9,33.3,0.7,2.0,2.7,0.1,1.3,0.4,0.0,2.0,5.8,0,0,-2.7
Wenyen Gabriel,SAC,22,5,1,4,6.8,2.2,0.6,2.4,25.0,0.2,1.2,16.7,0.8,1.4,57.1,0.6,0.6,1.2,0.6,0.6,0.2,0.2,0.8,5.1,0,0,1.6
Mike Muscala,OKC,28,6,3,3,12.9,2.2,0.7,4.2,16.0,0.2,3.2,5.3,0.7,0.7,100,0.3,2.2,2.5,0.8,0.3,0.2,0.5,2.3,8.1,0,0,-1.2
Alize Johnson,IND,23,1,1,0,8.1,2.0,1.0,2.0,50.0,0.0,0.0,0.0,0.0,0.0,0.0,0.0,1.0,1.0,0.0,0.0,0.0,0.0,1.0,3.2,0,0,-5.0
Caleb Martin,CHA,24,2,0,2,9.4,2.0,1.0,4.0,25.0,0.0,1.0,0.0,0.0,0.5,0.0,0.0,1.5,1.5,1.5,1.0,0.5,1.0,1.0,9.6,0,0,-4.5
Charles Brown Jr.,ATL,22,1,0,1,3.6,2.0,0.0,0.0,0.0,0.0,0.0,0.0,2.0,2.0,100,0.0,1.0,1.0,0.0,0.0,0.0,0.0,0.0,3.2,0,0,6.0
Cheick Diallo,PHX,23,3,2,1,2.1,2.0,0.7,0.7,100,0.0,0.0,0.0,0.7,0.7,100,0.0,0.0,0.0,0.0,0.7,0.0,0.0,0.7,1.3,0,0,-1.7
David Nwaba,BKN,26,4,1,3,12.8,2.0,0.8,1.3,60.0,0.3,0.5,50.0,0.3,1.0,25.0,0.5,2.3,2.8,0.3,1.0,0.3,0.3,1.5,6.2,0,0,-3.8
Ignas Brazdeikis,NYK,20,2,0,2,4.0,2.0,0.5,2.0,25.0,0.0,0.5,0.0,1.0,1.0,100,0.0,0.0,0.0,0.5,0.5,0.0,0.0,0.5,2.3,0,0,1.0
Jalen McDaniels,CHA,21,1,0,1,2.7,2.0,1.0,2.0,50.0,0.0,0.0,0.0,0.0,0.0,0.0,1.0,0.0,1.0,0.0,0.0,0.0,0.0,0.0,3.2,0,0,0.0
Jonah Bolden,PHI,23,1,1,0,2.3,2.0,1.0,1.0,100,0.0,0.0,0.0,0.0,0.0,0.0,0.0,0.0,0.0,0.0,0.0,1.0,0.0,0.0,5.0,0,0,-1.0
Melvin Frazier Jr.,ORL,23,1,0,1,5.6,2.0,1.0,5.0,20.0,0.0,1.0,0.0,0.0,0.0,0.0,1.0,0.0,1.0,0.0,0.0,0.0,0.0,0.0,3.2,0,0,-2.0
Shaquille Harrison,CHI,26,5,2,3,4.3,2.0,0.6,2.0,30.0,0.0,0.2,0.0,0.8,1.2,66.7,0.0,1.4,1.4,0.4,0.0,0.0,0.2,0.8,4.9,0,0,-4.0
Terence Davis,TOR,22,7,5,2,7.7,2.0,0.6,1.9,30.8,0.3,0.9,33.3,0.6,0.6,100,0.4,1.4,1.9,0.7,0.3,0.4,0.1,1.7,6.7,0,0,-0.4
Thanasis Antetokounmpo,MIL,27,1,1,0,6.5,2.0,1.0,2.0,50.0,0.0,0.0,0.0,0.0,0.0,0.0,2.0,0.0,2.0,1.0,0.0,0.0,0.0,0.0,5.9,0,0,4.0
Vincent Poirier,BOS,26,2,2,0,6.2,2.0,1.0,1.5,66.7,0.0,0.0,0.0,0.0,0.0,0.0,0.5,0.0,0.5,0.0,0.5,0.0,0.0,1.5,2.1,0,0,1.5
Wes Iwundu,ORL,24,2,0,2,9.8,2.0,0.5,4.0,12.5,0.0,2.0,0.0,1.0,2.0,50.0,0.5,2.0,2.5,0.0,1.0,0.0,0.0,0.5,4.0,0,0,-11.5
Thabo Sefolosha,HOU,35,7,5,2,11.4,1.9,0.7,2.6,27.8,0.4,1.6,27.3,0.0,0.0,0.0,1.1,2.1,3.3,1.4,0.6,0.3,0.4,1.0,9.5,0,0,-2.0
Damyean Dotson,NYK,25,4,0,4,6.2,1.8,0.5,1.0,50.0,0.3,0.5,50.0,0.5,0.8,66.7,0.0,0.5,0.5,0.5,0.5,0.0,0.0,0.3,2.6,0,0,3.5
Tyson Chandler,HOU,37,8,5,3,6.4,1.8,0.9,1.0,87.5,0.0,0.0,0.0,0.0,0.1,0.0,0.6,1.5,2.1,0.3,0.1,0.4,0.1,1.1,6.1,0,0,0.8
D.J. Wilson,MIL,23,3,3,0,4.8,1.7,0.7,2.3,28.6,0.3,1.7,20.0,0.0,0.0,0.0,0.0,1.3,1.3,0.7,0.3,0.0,0.0,0.3,3.9,0,0,0.3
Ed Davis,UTA,30,6,4,2,12.1,1.7,0.7,1.7,40.0,0.0,0.0,0.0,0.3,0.7,50.0,1.5,3.7,5.2,0.2,0.8,0.2,0.5,2.3,9.3,0,0,0.2
Justin Robinson,WAS,22,3,1,2,3.9,1.7,0.7,1.7,40.0,0.3,0.3,100,0.0,0.0,0.0,0.3,0.7,1.0,0.7,0.7,0.0,0.0,0.0,3.2,0,0,4.3
Deonte Burton,OKC,25,4,2,2,5.2,1.5,0.5,1.3,40.0,0.5,1.0,50.0,0.0,0.0,0.0,0.0,1.0,1.0,0.0,0.5,0.3,0.0,0.8,3.0,0,0,-3.8
Johnathan Motley,LAC,24,2,1,1,2.2,1.5,0.5,1.5,33.3,0.5,0.5,100,0.0,0.0,0.0,0.5,0.5,1.0,1.0,1.0,0.0,0.0,0.5,3.2,0,0,-1.5
Cody Martin,CHA,24,6,3,3,10.9,1.3,0.3,1.3,25.0,0.0,0.5,0.0,0.7,1.0,66.7,0.5,2.3,2.8,0.7,0.2,0.7,0.2,0.8,8.1,0,0,3.8
Khem Birch,ORL,27,3,0,3,13.8,1.3,0.3,1.7,20.0,0.0,0.3,0.0,0.7,2.7,25.0,1.0,2.0,3.0,0.3,0.0,0.3,0.0,1.0,6.4,0,0,-11.3
Tyler Cook,CLE,22,3,1,2,1.7,1.3,0.7,1.0,66.7,0.0,0.0,0.0,0.0,0.0,0.0,0.7,0.3,1.0,0.0,0.0,0.3,0.0,0.0,3.5,0,0,0.0
Jared Dudley,LAL,34,5,4,1,6.7,1.2,0.4,0.6,66.7,0.4,0.4,100,0.0,0.0,0.0,0.0,0.4,0.4,0.2,0.0,0.2,0.0,1.0,2.6,0,0,-1.4
Semi Ojeleye,BOS,24,6,5,1,12.0,1.2,0.3,1.2,28.6,0.0,0.7,0.0,0.5,0.8,60.0,0.2,1.3,1.5,0.3,0.0,0.2,0.0,1.0,4.0,0,0,1.2
Dennis Smith Jr.,NYK,21,3,0,3,8.7,1.0,0.3,3.7,9.1,0.0,1.0,0.0,0.3,0.7,50.0,0.0,0.3,0.3,1.0,0.7,0.3,0.3,2.0,4.2,0,0,-8.7
Juancho Hernangomez,DEN,24,3,2,1,6.5,1.0,0.3,1.7,20.0,0.3,1.3,25.0,0.0,0.0,0.0,0.0,0.3,0.3,0.0,0.0,0.0,0.3,0.0,2.4,0,0,1.0
Mfiondu Kabengele,LAC,22,3,2,1,2.2,1.0,0.3,0.7,50.0,0.3,0.7,50.0,0.0,0.0,0.0,0.0,0.3,0.3,0.0,0.0,0.0,0.3,0.3,2.4,0,0,-1.0
Rondae Hollis-Jefferson,TOR,24,1,1,0,4.0,1.0,0.0,0.0,0.0,0.0,0.0,0.0,1.0,2.0,50.0,0.0,0.0,0.0,0.0,0.0,0.0,0.0,1.0,1.0,0,0,2.0
Chris Boucher,TOR,26,5,4,1,4.5,0.8,0.0,0.6,0.0,0.0,0.2,0.0,0.8,0.8,100,0.4,0.6,1.0,0.2,0.2,0.0,1.0,0.4,5.1,0,0,-2.0
Terance Mann,LAC,23,5,3,2,3.2,0.8,0.4,0.6,66.7,0.0,0.0,0.0,0.0,0.0,0.0,0.2,0.8,1.0,1.0,0.4,0.2,0.0,0.6,3.7,0,0,0.8
Alfonzo McKinnie,CLE,27,4,1,3,3.6,0.8,0.3,0.3,100,0.3,0.3,100,0.0,0.0,0.0,0.3,0.5,0.8,0.0,0.3,0.0,0.0,0.8,1.4,0,0,-1.5
Caleb Swanigan,SAC,22,4,1,3,2.8,0.8,0.3,0.5,50.0,0.0,0.0,0.0,0.3,0.5,50.0,0.3,0.8,1.0,0.0,0.8,0.3,0.5,0.8,3.5,0,0,1.0
Lonnie Walker IV,SAS,20,4,2,2,3.6,0.8,0.3,1.0,25.0,0.0,0.3,0.0,0.3,0.5,50.0,0.0,1.0,1.0,0.0,0.5,0.0,0.0,0.8,1.5,0,0,-3.0
Khyri Thomas,DET,23,2,1,1,2.8,0.5,0.0,0.0,0.0,0.0,0.0,0.0,0.5,1.0,50.0,0.0,0.0,0.0,0.0,0.0,0.0,0.0,0.0,0.5,0,0,-2.0
Chimezie Metu,SAS,22,1,1,0,3.8,0.0,0.0,1.0,0.0,0.0,0.0,0.0,0.0,0.0,0.0,0.0,0.0,0.0,0.0,0.0,0.0,0.0,0.0,0.0,0,0,-8.0
Daniel Gafford,CHI,21,2,1,1,2.8,0.0,0.0,0.0,0.0,0.0,0.0,0.0,0.0,0.0,0.0,0.0,0.5,0.5,0.0,0.0,0.0,0.0,0.5,0.6,0,0,-4.5
Daryl Macon,MIA,23,1,1,0,1.2,0.0,0.0,0.0,0.0,0.0,0.0,0.0,0.0,0.0,0.0,0.0,0.0,0.0,0.0,0.0,0.0,0.0,0.0,0.0,0,0,-4.0
De'Anthony Melton,MEM,21,2,0,2,4.6,0.0,0.0,1.0,0.0,0.0,0.0,0.0,0.0,1.0,0.0,0.5,0.0,0.5,1.5,1.0,1.0,0.0,0.0,4.9,0,0,-6.5
Derrick Walton Jr.,LAC,24,2,1,1,1.3,0.0,0.0,0.0,0.0,0.0,0.0,0.0,0.0,0.0,0.0,0.0,0.0,0.0,0.0,0.0,0.0,0.0,0.0,0.0,0,0,0.0
Drew Eubanks,SAS,22,1,1,0,2.0,0.0,0.0,2.0,0.0,0.0,0.0,0.0,0.0,0.0,0.0,2.0,1.0,3.0,0.0,1.0,0.0,0.0,1.0,2.6,0,0,-3.0
Dzanan Musa,BKN,20,2,1,1,2.8,0.0,0.0,0.0,0.0,0.0,0.0,0.0,0.0,0.0,0.0,0.0,0.0,0.0,0.0,1.0,0.0,0.0,0.0,-1.0,0,0,-7.0
Garrison Mathews,WAS,23,2,1,1,6.8,0.0,0.0,1.0,0.0,0.0,1.0,0.0,0.0,0.0,0.0,0.0,0.5,0.5,1.0,0.5,0.0,0.0,1.5,1.6,0,0,4.0
Gary Trent Jr.,POR,20,4,2,2,4.0,0.0,0.0,0.5,0.0,0.0,0.3,0.0,0.0,0.0,0.0,0.0,0.5,0.5,0.3,0.0,0.3,0.0,0.5,1.7,0,0,-2.8
Jared Harper,PHX,22,1,1,0,2.0,0.0,0.0,1.0,0.0,0.0,1.0,0.0,0.0,0.0,0.0,0.0,0.0,0.0,0.0,0.0,0.0,0.0,0.0,0.0,0,0,-1.0
Jarred Vanderbilt,DEN,20,2,1,1,3.6,0.0,0.0,0.0,0.0,0.0,0.0,0.0,0.0,0.0,0.0,0.0,0.5,0.5,0.5,0.5,0.0,0.0,0.0,0.9,0,0,2.0
Jarrell Brantley,UTA,23,1,0,1,4.7,0.0,0.0,0.0,0.0,0.0,0.0,0.0,0.0,0.0,0.0,0.0,3.0,3.0,1.0,0.0,0.0,1.0,0.0,8.1,0,0,7.0
Javonte Green,BOS,26,4,4,0,2.3,0.0,0.0,0.0,0.0,0.0,0.0,0.0,0.0,0.5,0.0,0.0,0.5,0.5,0.3,0.0,0.0,0.0,0.0,1.0,0,0,-1.0
Jaylen Nowell,MIN,20,1,0,1,1.1,0.0,0.0,0.0,0.0,0.0,0.0,0.0,0.0,0.0,0.0,0.0,0.0,0.0,0.0,0.0,0.0,0.0,0.0,0.0,0,0,-2.0
Jordan Bone,DET,22,2,1,1,2.2,0.0,0.0,1.5,0.0,0.0,0.5,0.0,0.0,0.0,0.0,0.0,0.0,0.0,0.0,1.0,0.0,0.0,1.0,-1.0,0,0,-2.0
Justin Patton,OKC,22,1,1,0,6.4,0.0,0.0,2.0,0.0,0.0,1.0,0.0,0.0,0.0,0.0,0.0,2.0,2.0,0.0,1.0,0.0,0.0,3.0,1.4,0,0,-10.0
KZ Okpala,MIA,20,2,1,1,1.3,0.0,0.0,0.0,0.0,0.0,0.0,0.0,0.0,0.0,0.0,0.0,0.5,0.5,0.0,0.5,0.0,0.0,0.0,0.1,0,0,-2.5
Kelan Martin,MIN,24,1,1,0,4.9,0.0,0.0,3.0,0.0,0.0,1.0,0.0,0.0,0.0,0.0,0.0,1.0,1.0,0.0,0.0,0.0,0.0,1.0,1.2,0,0,-3.0
Kostas Antetokounmpo,LAL,21,2,2,0,1.4,0.0,0.0,0.0,0.0,0.0,0.0,0.0,0.0,0.0,0.0,0.0,0.5,0.5,0.0,0.0,0.0,0.0,0.0,0.6,0,0,1.0
Malcolm Miller,TOR,26,1,1,0,4.6,0.0,0.0,1.0,0.0,0.0,1.0,0.0,0.0,0.0,0.0,0.0,3.0,3.0,0.0,0.0,0.0,0.0,1.0,3.6,0,0,2.0
Nassir Little,POR,19,1,1,0,2.1,0.0,0.0,1.0,0.0,0.0,0.0,0.0,0.0,0.0,0.0,0.0,0.0,0.0,0.0,0.0,0.0,0.0,0.0,0.0,0,0,-6.0
Nicolas Batum,CHA,30,1,1,0,11.2,0.0,0.0,0.0,0.0,0.0,0.0,0.0,0.0,0.0,0.0,1.0,3.0,4.0,2.0,2.0,0.0,0.0,2.0,5.8,0,0,1.0
Nigel Williams-Goss,UTA,25,3,2,1,2.2,0.0,0.0,0.3,0.0,0.0,0.3,0.0,0.0,0.0,0.0,0.0,0.0,0.0,0.3,0.3,0.0,0.0,0.3,0.2,0,0,0.0
Rodney McGruder,LAC,28,4,2,2,12.4,0.0,0.0,1.3,0.0,0.0,0.3,0.0,0.0,0.0,0.0,0.5,1.3,1.8,0.3,0.3,0.0,0.3,2.0,3.0,0,0,-8.5
Romeo Langford,BOS,20,1,1,0,0.2,0.0,0.0,0.0,0.0,0.0,0.0,0.0,0.0,0.0,0.0,0.0,0.0,0.0,0.0,0.0,0.0,0.0,0.0,0.0,0,0,0.0
Stanton Kidd,UTA,27,3,2,1,4.5,0.0,0.0,1.0,0.0,0.0,0.3,0.0,0.0,0.0,0.0,0.0,0.7,0.7,0.3,0.7,0.0,0.0,0.7,0.6,0,0,0.7
Theo Pinson,BKN,24,1,0,1,1.2,0.0,0.0,0.0,0.0,0.0,0.0,0.0,0.0,0.0,0.0,0.0,1.0,1.0,1.0,0.0,1.0,0.0,0.0,5.7,0,0,3.0
Vlatko Cancar,DEN,22,1,0,1,2.0,0.0,0.0,0.0,0.0,0.0,0.0,0.0,0.0,0.0,0.0,0.0,0.0,0.0,0.0,0.0,0.0,0.0,0.0,0.0,0,0,1.0
Zach Norvell Jr.,LAL,21,2,2,0,2.4,0.0,0.0,0.5,0.0,0.0,0.0,0.0,0.0,0.0,0.0,0.0,0.5,0.5,0.0,0.0,0.0,0.0,0.0,0.6,0,0,-2.0
